Country,Year,Fertility Rate,Average Years of Education Ages 15-64,Population
Bangladesh,1950,6.374,0.27,41206858.0
Bangladesh,1951,6.394,,42022310.0
Bangladesh,1952,6.406,,42893013.0
Bangladesh,1953,6.421,,43791389.0
Bangladesh,1954,6.472,,44741297.0
Bangladesh,1955,6.505,0.28,45767687.0
Bangladesh,1956,6.537,,46854418.0
Bangladesh,1957,6.576,,48004665.0
Bangladesh,1958,6.608,,49184052.0
Bangladesh,1959,6.678,,50441766.0
Bangladesh,1960,6.742,0.33,51828663.0
Bangladesh,1961,6.78,,53310344.0
Bangladesh,1962,6.806,,54881155.0
Bangladesh,1963,6.798,,56504405.0
Bangladesh,1964,6.785,,58178373.0
Bangladesh,1965,6.771,0.47,59902521.0
Bangladesh,1966,6.766,,61669811.0
Bangladesh,1967,6.79,,63510933.0
Bangladesh,1968,6.791,,65408278.0
Bangladesh,1969,6.806,,67294130.0
Bangladesh,1970,6.839,0.57,69058900.0
Bangladesh,1971,6.831,,70276759.0
Bangladesh,1972,6.816,,71641525.0
Bangladesh,1973,6.8,,73722297.0
Bangladesh,1974,6.778,,75839350.0
Bangladesh,1975,6.728,0.71,77854353.0
Bangladesh,1976,6.66,,79855319.0
Bangladesh,1977,6.583,,81867267.0
Bangladesh,1978,6.509,,83889659.0
Bangladesh,1979,6.421,,85935069.0
Bangladesh,1980,6.326,1.31,88016436.0
Bangladesh,1981,6.237,,90303105.0
Bangladesh,1982,6.118,,92814506.0
Bangladesh,1983,5.906,,95335162.0
Bangladesh,1984,5.732,,97814966.0
Bangladesh,1985,5.539,1.94,100253825.0
Bangladesh,1986,5.302,,102635570.0
Bangladesh,1987,5.075,,104959291.0
Bangladesh,1988,4.849,,107216011.0
Bangladesh,1989,4.695,,109433805.0
Bangladesh,1990,4.506,2.4,111633723.0
Bangladesh,1991,4.261,,113787112.0
Bangladesh,1992,4.027,,115952198.0
Bangladesh,1993,3.832,,118132363.0
Bangladesh,1994,3.737,,120343183.0
Bangladesh,1995,3.588,3.11,122600371.0
Bangladesh,1996,3.505,,124862185.0
Bangladesh,1997,3.502,,127198069.0
Bangladesh,1998,3.427,,129622333.0
Bangladesh,1999,3.357,,132108064.0
Bangladesh,2000,3.279,4.33,134544303.0
Bangladesh,2001,3.203,,136805812.0
Bangladesh,2002,3.126,,138933659.0
Bangladesh,2003,3.029,,140970356.0
Bangladesh,2004,2.94,,142902855.0
Bangladesh,2005,2.846,5.27,144715789.0
Bangladesh,2006,2.755,,146405982.0
Bangladesh,2007,2.666,,147989283.0
Bangladesh,2008,2.577,,149474264.0
Bangladesh,2009,2.484,,150873716.0
Bangladesh,2010,2.38,6.24,152201977.0
Bangladesh,2011,2.309,,153591075.0
Bangladesh,2012,2.263,,155070111.0
Bangladesh,2013,2.247,,156532135.0
Bangladesh,2014,2.228,,157964931.0
Bangladesh,2015,2.227,7.09,159383180.0
Bangladesh,2016,2.227,,160811935.0
Bangladesh,2017,2.205,,162186147.0
Bangladesh,2018,2.193,,163523108.0
Bangladesh,2019,2.18,,164913060.0
Bangladesh,2020,2.175,7.88,166298024.0
Bangladesh,2021,2.173,,167658855.0
Bangladesh,2022,2.179,,169384890.0
Bangladesh,2023,2.163,,171466986.0
Chile,1950,4.836,4.76,6628578.0
Chile,1951,4.803,,6756666.0
Chile,1952,4.78,,6891991.0
Chile,1953,4.786,,7033536.0
Chile,1954,4.77,,7180570.0
Chile,1955,4.777,4.89,7332310.0
Chile,1956,4.795,,7489536.0
Chile,1957,4.774,,7651307.0
Chile,1958,4.753,,7815994.0
Chile,1959,4.728,,7983431.0
Chile,1960,4.697,5.09,8153356.0
Chile,1961,4.655,,8324804.0
Chile,1962,4.602,,8497067.0
Chile,1963,4.536,,8670149.0
Chile,1964,4.457,,8842538.0
Chile,1965,4.364,5.56,9012943.0
Chile,1966,4.259,,9181729.0
Chile,1967,4.144,,9348941.0
Chile,1968,4.025,,9514714.0
Chile,1969,3.902,,9680281.0
Chile,1970,3.778,6.04,9845344.0
Chile,1971,3.654,,10009696.0
Chile,1972,3.53,,10174680.0
Chile,1973,3.409,,10340364.0
Chile,1974,3.293,,10505818.0
Chile,1975,3.182,6.6,10671564.0
Chile,1976,3.078,,10838249.0
Chile,1977,2.981,,11005519.0
Chile,1978,2.892,,11172693.0
Chile,1979,2.812,,11339778.0
Chile,1980,2.744,7.07,11508552.0
Chile,1981,2.689,,11678712.0
Chile,1982,2.648,,11850214.0
Chile,1983,2.619,,12026137.0
Chile,1984,2.601,,12207732.0
Chile,1985,2.592,7.82,12395274.0
Chile,1986,2.589,,12588923.0
Chile,1987,2.59,,12790156.0
Chile,1988,2.591,,12999429.0
Chile,1989,2.589,,13215015.0
Chile,1990,2.579,8.59,13437178.0
Chile,1991,2.558,,13662481.0
Chile,1992,2.478,,13884580.0
Chile,1993,2.43,,14102276.0
Chile,1994,2.377,,14316262.0
Chile,1995,2.353,8.88,14527382.0
Chile,1996,2.284,,14734050.0
Chile,1997,2.202,,14932435.0
Chile,1998,2.149,,15127801.0
Chile,1999,2.074,,15319309.0
Chile,2000,2.046,9.33,15503637.0
Chile,2001,2.007,,15683853.0
Chile,2002,1.934,,15857924.0
Chile,2003,1.885,,16024753.0
Chile,2004,1.844,,16187322.0
Chile,2005,1.825,9.94,16348781.0
Chile,2006,1.798,,16509198.0
Chile,2007,1.826,,16671572.0
Chile,2008,1.85,,16838987.0
Chile,2009,1.855,,17009728.0
Chile,2010,1.844,10.39,17181462.0
Chile,2011,1.823,,17351811.0
Chile,2012,1.798,,17519114.0
Chile,2013,1.786,,17687006.0
Chile,2014,1.774,,17864191.0
Chile,2015,1.737,10.58,18047628.0
Chile,2016,1.686,,18267225.0
Chile,2017,1.563,,18558865.0
Chile,2018,1.543,,18893186.0
Chile,2019,1.43,,19197747.0
Chile,2020,1.307,10.9,19370619.0
Chile,2021,1.176,,19456323.0
Chile,2022,1.255,,19553032.0
Chile,2023,1.167,,19658834.0
Ethiopia,1950,6.433,,17670418.0
Ethiopia,1951,6.429,,17989061.0
Ethiopia,1952,6.435,,18326176.0
Ethiopia,1953,6.449,,18674773.0
Ethiopia,1954,6.459,,19038036.0
Ethiopia,1955,6.457,,19419769.0
Ethiopia,1956,6.458,,19818886.0
Ethiopia,1957,6.464,,20173748.0
Ethiopia,1958,6.473,,20480279.0
Ethiopia,1959,6.494,,20878099.0
Ethiopia,1960,6.514,,21376688.0
Ethiopia,1961,6.533,,21906100.0
Ethiopia,1962,6.561,,22465125.0
Ethiopia,1963,6.586,,23051640.0
Ethiopia,1964,6.612,,23666546.0
Ethiopia,1965,6.63,,24310614.0
Ethiopia,1966,6.661,,24952688.0
Ethiopia,1967,6.684,,25620283.0
Ethiopia,1968,6.7,,26337932.0
Ethiopia,1969,6.719,,27072574.0
Ethiopia,1970,6.782,,27829135.0
Ethiopia,1971,6.838,,28600114.0
Ethiopia,1972,6.895,,29374610.0
Ethiopia,1973,6.962,,30166789.0
Ethiopia,1974,7.018,,30957277.0
Ethiopia,1975,7.079,,31723255.0
Ethiopia,1976,7.129,,32534429.0
Ethiopia,1977,7.189,,33167276.0
Ethiopia,1978,7.229,,33734601.0
Ethiopia,1979,7.248,,34238655.0
Ethiopia,1980,7.287,,34428516.0
Ethiopia,1981,7.313,,35304011.0
Ethiopia,1982,7.337,,36701294.0
Ethiopia,1983,7.351,,37740821.0
Ethiopia,1984,7.356,,38735728.0
Ethiopia,1985,7.338,,39842135.0
Ethiopia,1986,7.318,,41037658.0
Ethiopia,1987,7.293,,42460039.0
Ethiopia,1988,7.262,,44150832.0
Ethiopia,1989,7.229,,45879686.0
Ethiopia,1990,7.196,,47609762.0
Ethiopia,1991,7.161,,49717202.0
Ethiopia,1992,7.125,,51853754.0
Ethiopia,1993,7.088,,53708892.0
Ethiopia,1994,7.051,,55611512.0
Ethiopia,1995,6.998,,57537340.0
Ethiopia,1996,6.928,,59467640.0
Ethiopia,1997,6.869,,61404542.0
Ethiopia,1998,6.792,,63363523.0
Ethiopia,1999,6.721,,65374562.0
Ethiopia,2000,6.654,,67411495.0
Ethiopia,2001,6.579,,69487768.0
Ethiopia,2002,6.499,,71635520.0
Ethiopia,2003,6.4,,73832663.0
Ethiopia,2004,6.301,,76077212.0
Ethiopia,2005,6.194,,78367475.0
Ethiopia,2006,6.047,,80703494.0
Ethiopia,2007,5.887,,83103219.0
Ethiopia,2008,5.695,,85543671.0
Ethiopia,2009,5.488,,88007639.0
Ethiopia,2010,5.282,,90538520.0
Ethiopia,2011,5.08,,93149977.0
Ethiopia,2012,4.887,,95798770.0
Ethiopia,2013,4.708,,98438750.0
Ethiopia,2014,4.605,,101115615.0
Ethiopia,2015,4.529,,103867140.0
Ethiopia,2016,4.473,,106718161.0
Ethiopia,2017,4.401,,109666482.0
Ethiopia,2018,4.371,,112664155.0
Ethiopia,2019,4.347,,115737385.0
Ethiopia,2020,4.274,,118917671.0
Ethiopia,2021,4.177,,122138590.0
Ethiopia,2022,4.082,,125384285.0
Ethiopia,2023,3.989,,128691696.0
Iran,1950,6.97,0.29,16510553.0
Iran,1951,6.977,,16921281.0
Iran,1952,7.005,,17344434.0
Iran,1953,7.026,,17778109.0
Iran,1954,7.048,,18226205.0
Iran,1955,7.151,0.36,18700800.0
Iran,1956,7.249,,19204391.0
Iran,1957,7.354,,19726844.0
Iran,1958,7.458,,20266510.0
Iran,1959,7.571,,20846778.0
Iran,1960,7.519,0.56,21470433.0
Iran,1961,7.459,,22125729.0
Iran,1962,7.401,,22807908.0
Iran,1963,7.317,,23519008.0
Iran,1964,7.237,,24262863.0
Iran,1965,7.222,0.9,25036982.0
Iran,1966,7.214,,25829273.0
Iran,1967,7.19,,26628431.0
Iran,1968,7.119,,27437390.0
Iran,1969,7.007,,28273481.0
Iran,1970,6.798,1.38,29145099.0
Iran,1971,6.549,,30029069.0
Iran,1972,6.257,,30921177.0
Iran,1973,6.061,,31839836.0
Iran,1974,5.968,,32796455.0
Iran,1975,5.947,2.04,33802973.0
Iran,1976,6.066,,34837283.0
Iran,1977,6.179,,35933180.0
Iran,1978,6.344,,37126534.0
Iran,1979,6.549,,38424956.0
Iran,1980,6.63,2.87,39842324.0
Iran,1981,6.618,,41989316.0
Iran,1982,6.586,,44272142.0
Iran,1983,6.528,,46029541.0
Iran,1984,6.433,,47793999.0
Iran,1985,6.242,3.67,49582288.0
Iran,1986,6.011,,51446047.0
Iran,1987,5.719,,53323493.0
Iran,1988,5.434,,55072694.0
Iran,1989,5.172,,56704919.0
Iran,1990,4.934,4.55,58380097.0
Iran,1991,4.568,,59986931.0
Iran,1992,4.099,,61184982.0
Iran,1993,3.674,,61403548.0
Iran,1994,3.244,,61520597.0
Iran,1995,2.852,5.9,62205571.0
Iran,1996,2.542,,62881296.0
Iran,1997,2.323,,63639637.0
Iran,1998,2.19,,64519866.0
Iran,1999,2.089,,65445389.0
Iran,2000,1.999,7.15,66418662.0
Iran,2001,1.918,,67452003.0
Iran,2002,1.836,,68011316.0
Iran,2003,1.801,,68769345.0
Iran,2004,1.78,,70256316.0
Iran,2005,1.756,7.94,71828456.0
Iran,2006,1.755,,73392746.0
Iran,2007,1.748,,74602646.0
Iran,2008,1.743,,75514200.0
Iran,2009,1.74,,76457832.0
Iran,2010,1.749,9.04,77420852.0
Iran,2011,1.792,,78383602.0
Iran,2012,1.851,,79370583.0
Iran,2013,1.913,,80414688.0
Iran,2014,1.975,,81502045.0
Iran,2015,2.017,9.35,82619365.0
Iran,2016,2.054,,83812229.0
Iran,2017,2.023,,85026761.0
Iran,2018,1.919,,86118000.0
Iran,2019,1.766,,87051647.0
Iran,2020,1.7,9.87,87723446.0
Iran,2021,1.709,,88455491.0
Iran,2022,1.704,,89524247.0
Iran,2023,1.695,,90608708.0
Latvia,1950,2.075,,1918725.0
Latvia,1951,2.01,,1933918.0
Latvia,1952,1.942,,1949540.0
Latvia,1953,1.846,,1965203.0
Latvia,1954,1.92,,1982038.0
Latvia,1955,1.881,,2000467.0
Latvia,1956,1.837,,2019509.0
Latvia,1957,1.868,,2040120.0
Latvia,1958,1.917,,2063295.0
Latvia,1959,1.922,,2096984.0
Latvia,1960,1.941,,2131169.0
Latvia,1961,1.964,,2157174.0
Latvia,1962,1.915,,2182288.0
Latvia,1963,1.851,,2205804.0
Latvia,1964,1.813,,2229752.0
Latvia,1965,1.729,,2252770.0
Latvia,1966,1.786,,2274355.0
Latvia,1967,1.819,,2296080.0
Latvia,1968,1.86,,2317285.0
Latvia,1969,1.88,,2337665.0
Latvia,1970,1.964,,2357562.0
Latvia,1971,2.023,,2377074.0
Latvia,1972,2.009,,2395872.0
Latvia,1973,1.946,,2415775.0
Latvia,1974,1.978,,2436992.0
Latvia,1975,1.948,,2455780.0
Latvia,1976,1.912,,2470541.0
Latvia,1977,1.87,,2484607.0
Latvia,1978,1.848,,2497363.0
Latvia,1979,1.85,,2505526.0
Latvia,1980,1.876,,2511754.0
Latvia,1981,1.874,,2519972.0
Latvia,1982,1.953,,2532018.0
Latvia,1983,2.097,,2546977.0
Latvia,1984,2.112,,2562773.0
Latvia,1985,2.061,,2579236.0
Latvia,1986,2.173,,2599784.0
Latvia,1987,2.179,,2625969.0
Latvia,1988,2.14,,2652251.0
Latvia,1989,2.029,,2664839.0
Latvia,1990,1.987,,2660130.0
Latvia,1991,1.844,,2648934.0
Latvia,1992,1.72,,2614832.0
Latvia,1993,1.503,,2563820.0
Latvia,1994,1.384,,2521237.0
Latvia,1995,1.252,,2485951.0
Latvia,1996,1.161,,2457910.0
Latvia,1997,1.117,,2433230.0
Latvia,1998,1.104,,2410219.0
Latvia,1999,1.171,,2390825.0
Latvia,2000,1.244,,2368321.0
Latvia,2001,1.223,,2338300.0
Latvia,2002,1.258,,2311356.0
Latvia,2003,1.322,,2288983.0
Latvia,2004,1.297,,2264178.0
Latvia,2005,1.389,,2239787.0
Latvia,2006,1.464,,2219038.0
Latvia,2007,1.542,,2200772.0
Latvia,2008,1.585,,2177711.0
Latvia,2009,1.472,,2142043.0
Latvia,2010,1.367,,2097834.0
Latvia,2011,1.343,,2059940.0
Latvia,2012,1.444,,2034639.0
Latvia,2013,1.527,,2013004.0
Latvia,2014,1.646,,1994153.0
Latvia,2015,1.706,11.87,1977874.0
Latvia,2016,1.742,,1959864.0
Latvia,2017,1.698,,1942599.0
Latvia,2018,1.612,,1927586.0
Latvia,2019,1.609,,1914267.0
Latvia,2020,1.546,12.0,1901119.0
Latvia,2021,1.572,,1885592.0
Latvia,2022,1.47,,1881058.0
Latvia,2023,1.338,,1882400.0
Namibia,1950,5.614,,514598.0
Namibia,1951,5.677,,520400.0
Namibia,1952,5.743,,526639.0
Namibia,1953,5.807,,533235.0
Namibia,1954,5.87,,540017.0
Namibia,1955,5.935,,547090.0
Namibia,1956,5.997,,554564.0
Namibia,1957,6.06,,562594.0
Namibia,1958,6.132,,571338.0
Namibia,1959,6.186,,580930.0
Namibia,1960,6.243,,591471.0
Namibia,1961,6.293,,603074.0
Namibia,1962,6.35,,615758.0
Namibia,1963,6.408,,629592.0
Namibia,1964,6.428,,644539.0
Namibia,1965,6.445,,660569.0
Namibia,1966,6.472,,677663.0
Namibia,1967,6.485,,696051.0
Namibia,1968,6.502,,715551.0
Namibia,1969,6.508,,736125.0
Namibia,1970,6.52,,757875.0
Namibia,1971,6.521,,780587.0
Namibia,1972,6.533,,804410.0
Namibia,1973,6.54,,828932.0
Namibia,1974,6.552,,854325.0
Namibia,1975,6.533,,881040.0
Namibia,1976,6.494,,906573.0
Namibia,1977,6.441,,931119.0
Namibia,1978,6.384,,947277.0
Namibia,1979,6.314,,962823.0
Namibia,1980,6.238,,981439.0
Namibia,1981,6.159,,992508.0
Namibia,1982,6.078,,1010316.0
Namibia,1983,5.995,,1037521.0
Namibia,1984,5.94,,1065994.0
Namibia,1985,5.877,,1096897.0
Namibia,1986,5.793,,1131083.0
Namibia,1987,5.699,,1167899.0
Namibia,1988,5.609,,1209700.0
Namibia,1989,5.517,,1288956.0
Namibia,1990,5.398,,1369308.0
Namibia,1991,5.29,,1415689.0
Namibia,1992,5.107,,1461326.0
Namibia,1993,4.905,,1508699.0
Namibia,1994,4.676,,1556315.0
Namibia,1995,4.417,,1602182.0
Namibia,1996,4.201,,1646107.0
Namibia,1997,4.166,,1689275.0
Namibia,1998,4.176,,1732747.0
Namibia,1999,4.138,,1776370.0
Namibia,2000,3.991,,1818651.0
Namibia,2001,3.827,,1857058.0
Namibia,2002,3.693,,1889977.0
Namibia,2003,3.58,,1917468.0
Namibia,2004,3.545,,1942087.0
Namibia,2005,3.571,,1966581.0
Namibia,2006,3.601,,1991889.0
Namibia,2007,3.608,,2018607.0
Namibia,2008,3.616,,2047059.0
Namibia,2009,3.633,,2077400.0
Namibia,2010,3.657,,2109813.0
Namibia,2011,3.658,,2146330.0
Namibia,2012,3.676,,2194657.0
Namibia,2013,3.653,,2252506.0
Namibia,2014,3.635,,2312144.0
Namibia,2015,3.604,7.02,2374305.0
Namibia,2016,3.574,,2439219.0
Namibia,2017,3.511,,2506855.0
Namibia,2018,3.462,,2577327.0
Namibia,2019,3.404,,2650500.0
Namibia,2020,3.349,7.23,2728763.0
Namibia,2021,3.303,,2810553.0
Namibia,2022,3.248,,2889668.0
Namibia,2023,3.212,,2963101.0
Nauru,1950,4.601,,3424.0
Nauru,1951,4.639,,3532.0
Nauru,1952,4.705,,3630.0
Nauru,1953,4.79,,3714.0
Nauru,1954,4.882,,3801.0
Nauru,1955,4.956,,3905.0
Nauru,1956,5.026,,4041.0
Nauru,1957,5.09,,4181.0
Nauru,1958,5.17,,4317.0
Nauru,1959,5.273,,4473.0
Nauru,1960,5.337,,4625.0
Nauru,1961,5.376,,4799.0
Nauru,1962,5.423,,5000.0
Nauru,1963,5.441,,5246.0
Nauru,1964,5.473,,5535.0
Nauru,1965,5.476,,5851.0
Nauru,1966,5.412,,6060.0
Nauru,1967,5.294,,6157.0
Nauru,1968,5.139,,6348.0
Nauru,1969,4.942,,6604.0
Nauru,1970,4.74,,6733.0
Nauru,1971,4.541,,6780.0
Nauru,1972,4.355,,6831.0
Nauru,1973,4.192,,6886.0
Nauru,1974,4.067,,6944.0
Nauru,1975,3.972,,7013.0
Nauru,1976,3.899,,7084.0
Nauru,1977,3.858,,7184.0
Nauru,1978,3.843,,7316.0
Nauru,1979,3.847,,7488.0
Nauru,1980,3.878,,7670.0
Nauru,1981,3.935,,7866.0
Nauru,1982,3.993,,8059.0
Nauru,1983,4.056,,8240.0
Nauru,1984,4.108,,8398.0
Nauru,1985,4.144,,8573.0
Nauru,1986,4.149,,8765.0
Nauru,1987,4.143,,8971.0
Nauru,1988,4.114,,9183.0
Nauru,1989,4.068,,9412.0
Nauru,1990,4.02,,9645.0
Nauru,1991,3.991,,9873.0
Nauru,1992,3.952,,10042.0
Nauru,1993,3.887,,10123.0
Nauru,1994,3.837,,10163.0
Nauru,1995,3.808,,10187.0
Nauru,1996,3.775,,10206.0
Nauru,1997,3.738,,10218.0
Nauru,1998,3.683,,10220.0
Nauru,1999,3.636,,10207.0
Nauru,2000,3.543,,10187.0
Nauru,2001,3.461,,10147.0
Nauru,2002,3.4,,10105.0
Nauru,2003,3.388,,10085.0
Nauru,2004,3.378,,10084.0
Nauru,2005,3.377,,10071.0
Nauru,2006,3.4,,10061.0
Nauru,2007,3.504,,10041.0
Nauru,2008,3.665,,10032.0
Nauru,2009,3.847,,10041.0
Nauru,2010,4.019,,10067.0
Nauru,2011,4.117,,10116.0
Nauru,2012,4.115,,10289.0
Nauru,2013,4.098,,10539.0
Nauru,2014,4.085,,10765.0
Nauru,2015,4.075,,10974.0
Nauru,2016,4.027,,11173.0
Nauru,2017,3.879,,11350.0
Nauru,2018,3.683,,11499.0
Nauru,2019,3.531,,11609.0
Nauru,2020,3.466,,11665.0
Nauru,2021,3.425,,11726.0
Nauru,2022,3.379,,11821.0
Nauru,2023,3.331,,11900.0
New Zealand,1950,3.552,9.25,1911265.0
New Zealand,1951,3.602,,1951209.0
New Zealand,1952,3.668,,1997754.0
New Zealand,1953,3.655,,2047749.0
New Zealand,1954,3.778,,2095143.0
New Zealand,1955,3.88,9.56,2139673.0
New Zealand,1956,3.979,,2184844.0
New Zealand,1957,4.031,,2233688.0
New Zealand,1958,4.11,,2284996.0
New Zealand,1959,4.179,,2333486.0
New Zealand,1960,4.241,10.03,2379483.0
New Zealand,1961,4.306,,2429744.0
New Zealand,1962,4.159,,2484404.0
New Zealand,1963,4.046,,2538119.0
New Zealand,1964,3.776,,2588771.0
New Zealand,1965,3.537,10.08,2636494.0
New Zealand,1966,3.42,,2682588.0
New Zealand,1967,3.35,,2723416.0
New Zealand,1968,3.335,,2754521.0
New Zealand,1969,3.273,,2784399.0
New Zealand,1970,3.168,10.97,2822183.0
New Zealand,1971,3.18,,2867168.0
New Zealand,1972,2.998,,2919262.0
New Zealand,1973,2.738,,2978988.0
New Zealand,1974,2.574,,3041227.0
New Zealand,1975,2.357,11.8,3094041.0
New Zealand,1976,2.27,,3126641.0
New Zealand,1977,2.213,,3140130.0
New Zealand,1978,2.077,,3142243.0
New Zealand,1979,2.113,,3141596.0
New Zealand,1980,2.032,11.56,3146324.0
New Zealand,1981,2.011,,3159845.0
New Zealand,1982,1.947,,3185129.0
New Zealand,1983,1.92,,3219281.0
New Zealand,1984,1.928,,3249830.0
New Zealand,1985,1.93,11.57,3268029.0
New Zealand,1986,1.96,,3281510.0
New Zealand,1987,2.029,,3299444.0
New Zealand,1988,2.098,,3316026.0
New Zealand,1989,2.121,,3333821.0
New Zealand,1990,2.167,11.49,3396981.0
New Zealand,1991,2.092,,3480933.0
New Zealand,1992,2.06,,3532245.0
New Zealand,1993,2.038,,3573610.0
New Zealand,1994,1.982,,3621031.0
New Zealand,1995,1.979,11.79,3674435.0
New Zealand,1996,1.961,,3729383.0
New Zealand,1997,1.956,,3776950.0
New Zealand,1998,1.895,,3811377.0
New Zealand,1999,1.966,,3835561.0
New Zealand,2000,1.977,12.09,3857576.0
New Zealand,2001,1.964,,3891763.0
New Zealand,2002,1.892,,3951114.0
New Zealand,2003,1.929,,4022585.0
New Zealand,2004,1.976,,4083911.0
New Zealand,2005,1.961,12.17,4135004.0
New Zealand,2006,2.01,,4181942.0
New Zealand,2007,2.169,,4223268.0
New Zealand,2008,2.187,,4261819.0
New Zealand,2009,2.133,,4304304.0
New Zealand,2010,2.165,11.56,4347767.0
New Zealand,2011,2.096,,4382702.0
New Zealand,2012,2.087,,4411682.0
New Zealand,2013,2.004,,4453859.0
New Zealand,2014,1.925,,4522977.0
New Zealand,2015,1.982,11.27,4614037.0
New Zealand,2016,1.876,,4714768.0
New Zealand,2017,1.811,,4812748.0
New Zealand,2018,1.719,,4900844.0
New Zealand,2019,1.717,,4989412.0
New Zealand,2020,1.63,11.08,5069893.0
New Zealand,2021,1.647,,5107696.0
New Zealand,2022,1.665,,5131733.0
New Zealand,2023,1.667,,5172839.0
Nicaragua,1950,7.121,1.51,1331445.0
Nicaragua,1951,7.118,,1369654.0
Nicaragua,1952,7.096,,1409023.0
Nicaragua,1953,7.096,,1449906.0
Nicaragua,1954,7.105,,1492260.0
Nicaragua,1955,7.123,1.58,1536246.0
Nicaragua,1956,7.139,,1581978.0
Nicaragua,1957,7.152,,1629469.0
Nicaragua,1958,7.159,,1678745.0
Nicaragua,1959,7.163,,1729795.0
Nicaragua,1960,7.159,1.64,1782371.0
Nicaragua,1961,7.112,,1836457.0
Nicaragua,1962,7.1,,1892325.0
Nicaragua,1963,7.081,,1950162.0
Nicaragua,1964,7.064,,2010183.0
Nicaragua,1965,7.033,1.75,2072688.0
Nicaragua,1966,6.99,,2137821.0
Nicaragua,1967,6.94,,2205570.0
Nicaragua,1968,6.885,,2275838.0
Nicaragua,1969,6.825,,2348401.0
Nicaragua,1970,6.773,1.86,2423066.0
Nicaragua,1971,6.714,,2499829.0
Nicaragua,1972,6.653,,2573583.0
Nicaragua,1973,6.586,,2649283.0
Nicaragua,1974,6.521,,2732074.0
Nicaragua,1975,6.445,2.13,2816945.0
Nicaragua,1976,6.366,,2903850.0
Nicaragua,1977,6.28,,2992531.0
Nicaragua,1978,6.164,,3080323.0
Nicaragua,1979,6.069,,3164524.0
Nicaragua,1980,5.959,2.61,3252404.0
Nicaragua,1981,5.84,,3345679.0
Nicaragua,1982,5.737,,3438745.0
Nicaragua,1983,5.611,,3530287.0
Nicaragua,1984,5.488,,3619108.0
Nicaragua,1985,5.359,3.08,3706480.0
Nicaragua,1986,5.217,,3794162.0
Nicaragua,1987,5.073,,3882168.0
Nicaragua,1988,4.931,,3972318.0
Nicaragua,1989,4.762,,4066482.0
Nicaragua,1990,4.596,4.14,4162566.0
Nicaragua,1991,4.432,,4259635.0
Nicaragua,1992,4.267,,4357031.0
Nicaragua,1993,4.102,,4453733.0
Nicaragua,1994,3.937,,4549317.0
Nicaragua,1995,3.775,4.98,4642935.0
Nicaragua,1996,3.62,,4729979.0
Nicaragua,1997,3.473,,4809574.0
Nicaragua,1998,3.339,,4883659.0
Nicaragua,1999,3.218,,4954021.0
Nicaragua,2000,3.12,5.76,5022636.0
Nicaragua,2001,2.996,,5087822.0
Nicaragua,2002,2.887,,5149914.0
Nicaragua,2003,2.827,,5210970.0
Nicaragua,2004,2.784,,5272909.0
Nicaragua,2005,2.765,6.55,5342108.0
Nicaragua,2006,2.733,,5418856.0
Nicaragua,2007,2.697,,5497246.0
Nicaragua,2008,2.66,,5576597.0
Nicaragua,2009,2.626,,5656605.0
Nicaragua,2010,2.596,7.11,5737451.0
Nicaragua,2011,2.558,,5819054.0
Nicaragua,2012,2.527,,5901290.0
Nicaragua,2013,2.492,,5983850.0
Nicaragua,2014,2.463,,6066491.0
Nicaragua,2015,2.434,7.54,6149418.0
Nicaragua,2016,2.407,,6232663.0
Nicaragua,2017,2.378,,6316236.0
Nicaragua,2018,2.347,,6400074.0
Nicaragua,2019,2.321,,6483660.0
Nicaragua,2020,2.299,8.08,6565267.0
Nicaragua,2021,2.265,,6644745.0
Nicaragua,2022,2.24,,6730661.0
Nicaragua,2023,2.218,,6823618.0
Niger,1950,7.559,0.07,2597816.0
Niger,1951,7.558,,2684752.0
Niger,1952,7.56,,2771894.0
Niger,1953,7.552,,2859196.0
Niger,1954,7.554,,2946889.0
Niger,1955,7.551,0.07,3035285.0
Niger,1956,7.542,,3124755.0
Niger,1957,7.542,,3215846.0
Niger,1958,7.542,,3309227.0
Niger,1959,7.528,,3405468.0
Niger,1960,7.53,0.08,3505057.0
Niger,1961,7.512,,3608171.0
Niger,1962,7.501,,3714521.0
Niger,1963,7.489,,3823878.0
Niger,1964,7.48,,3935821.0
Niger,1965,7.466,0.09,4049702.0
Niger,1966,7.481,,4165551.0
Niger,1967,7.49,,4283593.0
Niger,1968,7.497,,4403640.0
Niger,1969,7.506,,4525724.0
Niger,1970,7.514,0.13,4650272.0
Niger,1971,7.518,,4776227.0
Niger,1972,7.523,,4904846.0
Niger,1973,7.529,,5037868.0
Niger,1974,7.539,,5174956.0
Niger,1975,7.539,0.18,5317024.0
Niger,1976,7.563,,5464963.0
Niger,1977,7.595,,5619722.0
Niger,1978,7.662,,5782940.0
Niger,1979,7.722,,5955557.0
Niger,1980,7.782,0.26,6135969.0
Niger,1981,7.822,,6322012.0
Niger,1982,7.862,,6512734.0
Niger,1983,7.902,,6708646.0
Niger,1984,7.921,,6909973.0
Niger,1985,7.932,0.39,7118458.0
Niger,1986,7.904,,7335814.0
Niger,1987,7.871,,7561154.0
Niger,1988,7.841,,7793752.0
Niger,1989,7.818,,8034783.0
Niger,1990,7.806,0.55,8286066.0
Niger,1991,7.798,,8546899.0
Niger,1992,7.795,,8817632.0
Niger,1993,7.79,,9100788.0
Niger,1994,7.786,,9398265.0
Niger,1995,7.776,0.69,9714537.0
Niger,1996,7.78,,10044847.0
Niger,1997,7.802,,10383977.0
Niger,1998,7.84,,10741417.0
Niger,1999,7.84,,11117413.0
Niger,2000,7.829,0.81,11509635.0
Niger,2001,7.81,,11920648.0
Niger,2002,7.797,,12349151.0
Niger,2003,7.789,,12796980.0
Niger,2004,7.777,,13265843.0
Niger,2005,7.769,1.0,13756191.0
Niger,2006,7.744,,14268583.0
Niger,2007,7.726,,14803604.0
Niger,2008,7.702,,15361920.0
Niger,2009,7.679,,15943673.0
Niger,2010,7.64,1.36,16548832.0
Niger,2011,7.592,,17176286.0
Niger,2012,7.527,,17836770.0
Niger,2013,7.445,,18519898.0
Niger,2014,7.342,,19215917.0
Niger,2015,7.215,1.86,19939497.0
Niger,2016,7.043,,20685760.0
Niger,2017,6.874,,21435449.0
Niger,2018,6.706,,22188074.0
Niger,2019,6.537,,22947765.0
Niger,2020,6.369,2.59,23717614.0
Niger,2021,6.2,,24502144.0
Niger,2022,6.135,,25311977.0
Niger,2023,6.061,,26159862.0
Norway,1950,2.523,7.45,3265199.0
Norway,1951,2.469,,3295966.0
Norway,1952,2.578,,3327841.0
Norway,1953,2.637,,3361032.0
Norway,1954,2.671,,3394397.0
Norway,1955,2.758,7.38,3428531.0
Norway,1956,2.829,,3461075.0
Norway,1957,2.824,,3491981.0
Norway,1958,2.865,,3523007.0
Norway,1959,2.882,,3552829.0
Norway,1960,2.847,7.38,3581119.0
Norway,1961,2.915,,3609660.0
Norway,1962,2.894,,3638841.0
Norway,1963,2.905,,3666498.0
Norway,1964,2.962,,3694318.0
Norway,1965,2.925,7.78,3723175.0
Norway,1966,2.891,,3752787.0
Norway,1967,2.786,,3784113.0
Norway,1968,2.751,,3816088.0
Norway,1969,2.697,,3847306.0
Norway,1970,2.512,8.19,3875352.0
Norway,1971,2.494,,3902754.0
Norway,1972,2.39,,3932910.0
Norway,1973,2.234,,3960597.0
Norway,1974,2.134,,3985284.0
Norway,1975,1.986,8.5,4007368.0
Norway,1976,1.867,,4026219.0
Norway,1977,1.759,,4043259.0
Norway,1978,1.771,,4058668.0
Norway,1979,1.751,,4072502.0
Norway,1980,1.722,9.07,4085601.0
Norway,1981,1.701,,4099675.0
Norway,1982,1.706,,4114740.0
Norway,1983,1.656,,4128332.0
Norway,1984,1.657,,4139970.0
Norway,1985,1.675,9.97,4152401.0
Norway,1986,1.707,,4167252.0
Norway,1987,1.744,,4186821.0
Norway,1988,1.841,,4209471.0
Norway,1989,1.887,,4226915.0
Norway,1990,1.932,10.67,4241438.0
Norway,1991,1.92,,4261618.0
Norway,1992,1.888,,4286256.0
Norway,1993,1.865,,4311865.0
Norway,1994,1.869,,4336467.0
Norway,1995,1.873,11.25,4358991.0
Norway,1996,1.892,,4381137.0
Norway,1997,1.86,,4404986.0
Norway,1998,1.82,,4431307.0
Norway,1999,1.849,,4461788.0
Norway,2000,1.854,11.58,4490866.0
Norway,2001,1.788,,4513652.0
Norway,2002,1.757,,4538014.0
Norway,2003,1.798,,4564666.0
Norway,2004,1.828,,4591740.0
Norway,2005,1.835,12.04,4623119.0
Norway,2006,1.899,,4660485.0
Norway,2007,1.897,,4709017.0
Norway,2008,1.951,,4768099.0
Norway,2009,1.974,,4828624.0
Norway,2010,1.941,11.85,4889160.0
Norway,2011,1.876,,4952968.0
Norway,2012,1.847,,5018456.0
Norway,2013,1.779,,5080125.0
Norway,2014,1.754,,5137397.0
Norway,2015,1.728,12.3,5189776.0
Norway,2016,1.705,,5235977.0
Norway,2017,1.624,,5276806.0
Norway,2018,1.566,,5311751.0
Norway,2019,1.533,,5347735.0
Norway,2020,1.482,12.25,5379274.0
Norway,2021,1.56,,5408081.0
Norway,2022,1.415,,5456795.0
Norway,2023,1.405,,5519166.0
Panama,1950,5.568,3.82,860854.0
Panama,1951,5.615,,882014.0
Panama,1952,5.667,,904462.0
Panama,1953,5.718,,928203.0
Panama,1954,5.725,,953090.0
Panama,1955,5.734,4.23,978970.0
Panama,1956,5.745,,1005879.0
Panama,1957,5.757,,1033915.0
Panama,1958,5.763,,1063167.0
Panama,1959,5.794,,1093805.0
Panama,1960,5.829,4.74,1126004.0
Panama,1961,5.865,,1159878.0
Panama,1962,5.872,,1195311.0
Panama,1963,5.865,,1232138.0
Panama,1964,5.808,,1270068.0
Panama,1965,5.728,5.11,1308840.0
Panama,1966,5.649,,1348390.0
Panama,1967,5.534,,1388630.0
Panama,1968,5.411,,1429452.0
Panama,1969,5.287,,1470888.0
Panama,1970,5.175,5.62,1513070.0
Panama,1971,5.054,,1556077.0
Panama,1972,4.908,,1599721.0
Panama,1973,4.741,,1643696.0
Panama,1974,4.576,,1687932.0
Panama,1975,4.414,6.16,1732392.0
Panama,1976,4.264,,1776941.0
Panama,1977,4.118,,1821550.0
Panama,1978,3.984,,1866314.0
Panama,1979,3.884,,1911555.0
Panama,1980,3.796,6.92,1957544.0
Panama,1981,3.723,,2004424.0
Panama,1982,3.659,,2052278.0
Panama,1983,3.601,,2101107.0
Panama,1984,3.519,,2150782.0
Panama,1985,3.427,7.66,2200921.0
Panama,1986,3.339,,2251329.0
Panama,1987,3.251,,2301979.0
Panama,1988,3.173,,2352856.0
Panama,1989,3.121,,2403820.0
Panama,1990,3.072,8.21,2455589.0
Panama,1991,2.999,,2508272.0
Panama,1992,2.95,,2561345.0
Panama,1993,2.909,,2615098.0
Panama,1994,2.877,,2669547.0
Panama,1995,2.852,8.81,2724552.0
Panama,1996,2.83,,2780225.0
Panama,1997,2.81,,2836702.0
Panama,1998,2.789,,2893916.0
Panama,1999,2.767,,2951819.0
Panama,2000,2.744,9.41,3010376.0
Panama,2001,2.72,,3069545.0
Panama,2002,2.698,,3129343.0
Panama,2003,2.679,,3189813.0
Panama,2004,2.68,,3251157.0
Panama,2005,2.643,9.71,3313025.0
Panama,2006,2.62,,3375023.0
Panama,2007,2.612,,3437493.0
Panama,2008,2.608,,3500643.0
Panama,2009,2.593,,3564383.0
Panama,2010,2.587,9.99,3628537.0
Panama,2011,2.604,,3693508.0
Panama,2012,2.591,,3759260.0
Panama,2013,2.569,,3825332.0
Panama,2014,2.552,,3892101.0
Panama,2015,2.53,10.29,3960036.0
Panama,2016,2.502,,4029085.0
Panama,2017,2.462,,4098705.0
Panama,2018,2.402,,4167859.0
Panama,2019,2.288,,4234699.0
Panama,2020,2.184,10.66,4293258.0
Panama,2021,2.152,,4345410.0
Panama,2022,2.139,,4400772.0
Panama,2023,2.119,,4458759.0
South Korea,1950,6.063,3.72,19757320.0
South Korea,1951,6.089,,19868990.0
South Korea,1952,6.122,,20229881.0
South Korea,1953,6.171,,20775325.0
South Korea,1954,6.174,,21415579.0
South Korea,1955,6.169,4.21,22125103.0
South Korea,1956,6.175,,22874440.0
South Korea,1957,6.178,,23660791.0
South Korea,1958,6.152,,24473927.0
South Korea,1959,6.096,,25298234.0
South Korea,1960,5.994,3.19,26115390.0
South Korea,1961,5.803,,26852962.0
South Korea,1962,5.562,,27509234.0
South Korea,1963,5.334,,28145547.0
South Korea,1964,5.068,,28744980.0
South Korea,1965,4.887,4.52,29284343.0
South Korea,1966,4.782,,29845940.0
South Korea,1967,4.615,,30495724.0
South Korea,1968,4.51,,31175295.0
South Korea,1969,4.447,,31852769.0
South Korea,1970,4.459,5.49,32542203.0
South Korea,1971,4.259,,33239860.0
South Korea,1972,4.02,,33936471.0
South Korea,1973,3.803,,34625845.0
South Korea,1974,3.555,,35287832.0
South Korea,1975,3.313,6.56,35875741.0
South Korea,1976,3.119,,36379927.0
South Korea,1977,2.954,,36843638.0
South Korea,1978,2.699,,37281937.0
South Korea,1979,2.748,,37710898.0
South Korea,1980,2.734,7.69,38141109.0
South Korea,1981,2.669,,38689193.0
South Korea,1982,2.431,,39356158.0
South Korea,1983,2.102,,40000944.0
South Korea,1984,1.832,,40598301.0
South Korea,1985,1.705,8.67,41148957.0
South Korea,1986,1.623,,41718508.0
South Korea,1987,1.571,,42322092.0
South Korea,1988,1.558,,42922979.0
South Korea,1989,1.564,,43524764.0
South Korea,1990,1.603,9.75,44081425.0
South Korea,1991,1.702,,44439149.0
South Korea,1992,1.738,,44653700.0
South Korea,1993,1.683,,44887722.0
South Korea,1994,1.67,,45130842.0
South Korea,1995,1.646,10.55,45368425.0
South Korea,1996,1.599,,45638701.0
South Korea,1997,1.555,,45941541.0
South Korea,1998,1.497,,46230883.0
South Korea,1999,1.469,,46500382.0
South Korea,2000,1.467,11.3,46766659.0
South Korea,2001,1.342,,47043466.0
South Korea,2002,1.227,,47299118.0
South Korea,2003,1.199,,47514158.0
South Korea,2004,1.164,,47697076.0
South Korea,2005,1.115,11.92,47851646.0
South Korea,2006,1.145,,48006518.0
South Korea,2007,1.215,,48178122.0
South Korea,2008,1.19,,48356486.0
South Korea,2009,1.178,,48546689.0
South Korea,2010,1.226,12.65,48769330.0
South Korea,2011,1.258,,49127641.0
South Korea,2012,1.274,,49599579.0
South Korea,2013,1.206,,50071168.0
South Korea,2014,1.197,,50539055.0
South Korea,2015,1.202,13.16,50983908.0
South Korea,2016,1.14,,51297837.0
South Korea,2017,1.035,,51486268.0
South Korea,2018,0.951,,51640894.0
South Korea,2019,0.881,,51767843.0
South Korea,2020,0.812,13.65,51858480.0
South Korea,2021,0.783,,51848401.0
South Korea,2022,0.78,,51782514.0
South Korea,2023,0.72,,51748744.0
United States,1950,3.086,8.87,154202683.0
United States,1951,3.197,,156481322.0
United States,1952,3.29,,158794225.0
United States,1953,3.358,,161168319.0
United States,1954,3.475,,163636304.0
United States,1955,3.515,9.26,166200030.0
United States,1956,3.624,,168824963.0
United States,1957,3.703,,171499235.0
United States,1958,3.754,,174215305.0
United States,1959,3.747,,177145772.0
United States,1960,3.732,9.72,180274554.0
United States,1961,3.691,,183489491.0
United States,1962,3.533,,186724277.0
United States,1963,3.39,,189825228.0
United States,1964,3.258,,192819456.0
United States,1965,2.983,10.46,195653775.0
United States,1966,2.769,,198265397.0
United States,1967,2.605,,200699913.0
United States,1968,2.508,,203011021.0
United States,1969,2.504,,205300032.0
United States,1970,2.515,11.12,207796339.0
United States,1971,2.318,,210426424.0
United States,1972,2.057,,212842574.0
United States,1973,1.921,,215006548.0
United States,1974,1.872,,217076474.0
United States,1975,1.815,11.68,219129300.0
United States,1976,1.785,,221168756.0
United States,1977,1.826,,223259417.0
United States,1978,1.804,,225396098.0
United States,1979,1.843,,227575083.0
United States,1980,1.861,12.2,229858654.0
United States,1981,1.847,,232201613.0
United States,1982,1.855,,234583158.0
United States,1983,1.827,,236986362.0
United States,1984,1.827,,239353968.0
United States,1985,1.854,12.37,241690439.0
United States,1986,1.852,,243953810.0
United States,1987,1.885,,246161292.0
United States,1988,1.942,,248393235.0
United States,1989,2.014,,250675047.0
United States,1990,2.072,12.62,253373385.0
United States,1991,2.059,,256471425.0
United States,1992,2.039,,259606020.0
United States,1993,2.01,,262633235.0
United States,1994,1.988,,265474811.0
United States,1995,1.965,12.82,268205794.0
United States,1996,1.96,,270860696.0
United States,1997,1.956,,273468014.0
United States,1998,1.98,,276119323.0
United States,1999,1.99,,278785482.0
United States,2000,2.03,13.16,281484127.0
United States,2001,2.011,,284279629.0
United States,2002,2.003,,287084336.0
United States,2003,2.025,,289908091.0
United States,2004,2.031,,292786247.0
United States,2005,2.04,13.11,295716665.0
United States,2006,2.087,,298730210.0
United States,2007,2.096,,301844227.0
United States,2008,2.053,,304970328.0
United States,2009,1.987,,308023451.0
United States,2010,1.916,13.35,311062786.0
United States,2011,1.879,,314105078.0
United States,2012,1.862,,317115348.0
United States,2013,1.84,,320110753.0
United States,2014,1.848,,323115378.0
United States,2015,1.832,13.37,326126498.0
United States,2016,1.804,,329179421.0
United States,2017,1.753,,332204656.0
United States,2018,1.715,,335056495.0
United States,2019,1.684,,337790068.0
United States,2020,1.616,13.42,339436157.0
United States,2021,1.634,,340161441.0
United States,2022,1.665,,341534041.0
United States,2023,1.624,,343477332.0
Venezuela,1950,6.635,1.38,5488857.0
Venezuela,1951,6.619,,5732602.0
Venezuela,1952,6.612,,5981378.0
Venezuela,1953,6.607,,6234772.0
Venezuela,1954,6.602,,6492813.0
Venezuela,1955,6.599,1.67,6755819.0
Venezuela,1956,6.596,,7024322.0
Venezuela,1957,6.588,,7299443.0
Venezuela,1958,6.567,,7581980.0
Venezuela,1959,6.446,,7869229.0
Venezuela,1960,6.382,2.09,8160085.0
Venezuela,1961,6.298,,8455922.0
Venezuela,1962,6.231,,8756880.0
Venezuela,1963,6.155,,9064020.0
Venezuela,1964,6.071,,9377715.0
Venezuela,1965,5.977,2.51,9697795.0
Venezuela,1966,5.87,,10024859.0
Venezuela,1967,5.748,,10358515.0
Venezuela,1968,5.614,,10697536.0
Venezuela,1969,5.469,,11040280.0
Venezuela,1970,5.321,3.31,11387793.0
Venezuela,1971,5.174,,11741013.0
Venezuela,1972,5.035,,12099184.0
Venezuela,1973,4.906,,12463538.0
Venezuela,1974,4.791,,12835356.0
Venezuela,1975,4.686,4.32,13215889.0
Venezuela,1976,4.589,,13606285.0
Venezuela,1977,4.494,,14006819.0
Venezuela,1978,4.397,,14416681.0
Venezuela,1979,4.298,,14834552.0
Venezuela,1980,4.2,5.31,15258226.0
Venezuela,1981,4.104,,15687305.0
Venezuela,1982,4.014,,16121875.0
Venezuela,1983,3.933,,16562202.0
Venezuela,1984,3.861,,17008838.0
Venezuela,1985,3.794,5.26,17461432.0
Venezuela,1986,3.73,,17923541.0
Venezuela,1987,3.665,,18394970.0
Venezuela,1988,3.597,,18871020.0
Venezuela,1989,3.524,,19348925.0
Venezuela,1990,3.448,5.34,19827007.0
Venezuela,1991,3.37,,20304898.0
Venezuela,1992,3.292,,20780945.0
Venezuela,1993,3.218,,21254524.0
Venezuela,1994,3.147,,21725187.0
Venezuela,1995,3.082,6.2,22193822.0
Venezuela,1996,3.022,,22662116.0
Venezuela,1997,2.967,,23131691.0
Venezuela,1998,2.912,,23601340.0
Venezuela,1999,2.856,,24066596.0
Venezuela,2000,2.79,7.14,24526708.0
Venezuela,2001,2.779,,24979933.0
Venezuela,2002,2.739,,25435673.0
Venezuela,2003,2.703,,25892711.0
Venezuela,2004,2.639,,26340843.0
Venezuela,2005,2.629,8.03,26785797.0
Venezuela,2006,2.595,,27224691.0
Venezuela,2007,2.524,,27649367.0
Venezuela,2008,2.475,,28053694.0
Venezuela,2009,2.422,,28438296.0
Venezuela,2010,2.396,9.14,28813101.0
Venezuela,2011,2.398,,29185219.0
Venezuela,2012,2.379,,29553828.0
Venezuela,2013,2.334,,29912196.0
Venezuela,2014,2.296,,30254080.0
Venezuela,2015,2.253,9.35,30573970.0
Venezuela,2016,2.217,,30765718.0
Venezuela,2017,2.183,,30565331.0
Venezuela,2018,2.151,,29807592.0
Venezuela,2019,2.131,,28938095.0
Venezuela,2020,2.116,9.66,28444078.0
Venezuela,2021,2.105,,28237831.0
Venezuela,2022,2.088,,28213016.0
Venezuela,2023,2.079,,28300860.0
