Country,Year,Fertility_Rate,GDP_Per_Capita,Homicide_Rate,Avg_Yrs_Education,Infant_Mortality,Life_Expectancy
Bangladesh,1980,6.326,206.0757143,1.6720384135376936,1.31,13.789642,52.2778
Bangladesh,1981,6.237,224.2413924,1.829637237335198,1.436,13.472392,52.6383
Bangladesh,1982,6.118,199.5959446,1.987816011987886,1.562,13.139923,53.0119
Bangladesh,1983,5.906,184.7067729,2.1704136480849017,1.688,12.7883005,53.4409
Bangladesh,1984,5.732,193.435021,2.442022189087872,1.814,12.423361,53.8259
Bangladesh,1985,5.539,222.2201804,2.5846687563091173,1.94,12.0409155,53.9371
Bangladesh,1986,5.302,212.1489939,2.623138724948418,2.032,11.662615,54.5915
Bangladesh,1987,5.075,231.4995845,2.70295523898704,2.124,11.275377,54.8992
Bangladesh,1988,4.849,247.901466,2.796526189019707,2.216,10.885935,55.1744
Bangladesh,1989,4.695,263.0057208,2.734574878846131,2.308,10.49698,55.5135
Bangladesh,1990,4.506,283.0537371,2.835000501770709,2.4,10.105052,55.8219
Bangladesh,1991,4.261,272.0649485,2.7519653950918146,2.542,9.710617,53.7809
Bangladesh,1992,4.027,273.4650725,2.799643049875133,2.6839999999999997,9.313297,56.5915
Bangladesh,1993,3.832,280.7572745,2.875322965378425,2.8259999999999996,8.916536,57.0729
Bangladesh,1994,3.737,280.6030318,2.9002582092857323,2.968,8.521731,57.6403
Bangladesh,1995,3.588,309.4586808,3.013402329739276,3.11,8.131104,58.2442
Bangladesh,1996,3.505,371.9179377,3.0300580503663443,3.354,7.7442627,58.9395
Bangladesh,1997,3.502,379.2849177,2.9750143936397504,3.598,7.3630853,59.6713
Bangladesh,1998,3.427,385.6168818,2.944035805343715,3.842,6.9913406,60.4291
Bangladesh,1999,3.357,388.0956843,2.846349900987796,4.086,6.6403074,61.2444
Bangladesh,2000,3.279,396.6707302,2.787458319785774,4.33,6.303878,62.0487
Bangladesh,2001,3.203,394.65641,2.711304785083489,4.518,5.9891005,62.8358
Bangladesh,2002,3.126,393.8864223,2.592017556382408,4.7059999999999995,5.6970015,63.5914
Bangladesh,2003,3.029,426.7488075,2.511077303397085,4.894,5.4252524,64.2877
Bangladesh,2004,2.94,455.6140169,2.437564133708634,5.082,5.1708517,64.9118
Bangladesh,2005,2.846,480.0858508,2.473104093739583,5.27,4.9297028,65.5087
Bangladesh,2006,2.755,490.3880265,2.560191550804204,5.4639999999999995,4.6971965,66.0479
Bangladesh,2007,2.666,537.9554928,2.531274978342404,5.6579999999999995,4.4756536,66.4578
Bangladesh,2008,2.577,613.062041,2.494859313781354,5.852,4.2657814,67.0471
Bangladesh,2009,2.484,679.2114774,2.548447932601756,6.046,4.070314,67.5269
Bangladesh,2010,2.38,757.3852804,2.5821618515456253,6.24,3.888126,68.0091
Bangladesh,2011,2.309,837.3369447,2.431801898780081,6.41,3.718272,68.4988
Bangladesh,2012,2.263,859.6805364,2.187771107737789,6.58,3.560538,68.9894
Bangladesh,2013,2.247,958.2629898,2.240463125424043,6.75,3.4114468,69.4874
Bangladesh,2014,2.228,1094.461997,2.1561680430969865,6.92,3.2717373,70.0162
Bangladesh,2015,2.227,1224.386477,2.136711323282488,7.09,3.1371932,70.5429
Bangladesh,2016,2.227,1649.283809,2.1349147356884526,7.248,3.009588,71.0752
Bangladesh,2017,2.205,1811.082217,2.135810234895909,7.406,2.8891807,71.6056
Bangladesh,2018,2.193,1965.243727,2.0886591542875603,7.564,2.7750688,72.1217
Bangladesh,2019,2.18,2129.79897,2.105653056083793,7.7219999999999995,2.6699767,72.6254
Bangladesh,2020,2.175,2248.850788,1.9899221826804008,7.88,2.5749984,71.4211
Bangladesh,2021,2.173,2482.849178,1.9352309988178265,7.88,2.4879305,71.1035
Bangladesh,2022,2.179,2716.485927,,7.88,2.4068456,74.2647
Bangladesh,2023,2.163,2551.017727,,7.88,,74.6723
Chile,1980,2.744,2523.055456,9.031257694897048,7.07,2.7638402,69.4748
Chile,1981,2.689,2954.937434,8.855785159628356,7.220000000000001,2.5060678,69.8222
Chile,1982,2.648,1648.011712,9.007280650006615,7.37,2.2689238,70.291
Chile,1983,2.619,1693.146767,9.343192980492963,7.5200000000000005,2.0694332,70.8302
Chile,1984,2.601,1611.4186,9.169252532178836,7.67,1.9417269,71.2153
Chile,1985,2.592,1429.38851,9.317349678512928,7.82,1.8887545,71.6153
Chile,1986,2.589,1501.091407,9.181261247135136,7.974,1.8697903,72.0606
Chile,1987,2.59,1739.676991,8.892481149635165,8.128,1.8459402,72.4662
Chile,1988,2.591,2003.363504,9.0253253429718,8.282,1.7986215,72.7881
Chile,1989,2.589,2265.359377,9.291749220998128,8.436,1.7201033,73.1876
Chile,1990,2.579,2466.130142,8.014987224914787,8.59,1.6119621,73.6752
Chile,1991,2.558,2770.079646,7.357666812926155,8.648,1.4917287,74.0824
Chile,1992,2.478,3309.399239,6.647273248838531,8.706,1.3739002,74.3673
Chile,1993,2.43,3494.994609,6.141465402152732,8.764000000000001,1.2678722,74.6793
Chile,1994,2.377,3981.390189,5.838232715336935,8.822000000000001,1.179676,74.973
Chile,1995,2.353,5055.614062,5.683074551417392,8.88,1.111707,75.2984
Chile,1996,2.284,5333.504387,5.577199055006684,8.97,1.064388,75.5548
Chile,1997,2.202,5741.95843,5.475773173117783,9.06,1.035424,75.8262
Chile,1998,2.149,5419.824173,5.435174425417121,9.15,1.0127571,76.3241
Chile,1999,2.074,4933.555815,5.275223321703813,9.24,0.9780921,76.7382
Chile,2000,2.046,5052.992458,4.994259947169393,9.33,0.92649764,77.1276
Chile,2001,2.007,4563.595299,5.142027719047925,9.452,0.87444574,77.5798
Chile,2002,1.934,4430.847412,4.965746237150401,9.574,0.83585894,77.8397
Chile,2003,1.885,4773.401775,4.934420511659493,9.696,0.8102864,77.8841
Chile,2004,1.844,6120.591521,4.944701116243055,9.818,0.79158443,78.2765
Chile,2005,1.825,7480.32331,5.235526378,9.94,0.77636796,78.4589
Chile,2006,1.798,9318.656553,4.984670046095522,10.03,0.7656661,78.5328
Chile,2007,1.826,10346.41382,3.9328998290531656,10.12,0.7612358,78.6519
Chile,2008,1.85,10683.21888,4.283852835826868,10.21,0.7597372,78.7518
Chile,2009,1.855,10098.80172,4.287831190221392,10.3,0.7552949,78.8901
Chile,2010,1.844,12632.87047,4.536108352564095,10.39,0.7451503,79.0954
Chile,2011,1.823,14487.39278,4.580725560899677,10.428,0.73257816,79.2357
Chile,2012,1.798,15241.907,4.46433561973062,10.466000000000001,0.71990955,79.2211
Chile,2013,1.786,15683.54864,4.4305604641421725,10.504,0.70810074,79.5509
Chile,2014,1.774,14529.67672,4.7768211804510905,10.542,0.6964227,79.7137
Chile,2015,1.737,13433.9203,4.624998832295281,10.58,0.6840896,80.0079
Chile,2016,1.686,13649.85205,4.207797984005266,10.644,0.6706506,80.2949
Chile,2017,1.563,14879.90862,3.752717535540648,10.708,0.6551528,80.6096
Chile,2018,1.543,15659.48087,3.257912865,10.772,0.6372338,80.5594
Chile,2019,1.43,14495.71672,3.2746244517299767,10.836,0.6160203,80.3243
Chile,2020,1.307,13114.81547,3.4227571029316866,10.9,0.5912036,79.3488
Chile,2021,1.176,16216.57065,3.0657913912586143,10.9,0.5665692,78.8764
Chile,2022,1.255,15451.13196,,10.9,0.5428744,79.1762
Chile,2023,1.167,17067.81362,,10.9,,81.1667
Ethiopia,1980,7.287,203.6853944,18.06158918031414,,14.241778,42.8154
Ethiopia,1981,7.313,212.657518,17.627992893266857,,14.090993,43.0836
Ethiopia,1982,7.337,215.2509855,17.423561186924143,,13.902982,43.4335
Ethiopia,1983,7.351,232.6834744,17.159184044096072,,13.675371,36.3188
Ethiopia,1984,7.356,214.2288604,16.852706066181625,,13.428309,36.7374
Ethiopia,1985,7.338,243.8973826,16.632362742853758,,13.180862,37.7473
Ethiopia,1986,7.318,245.9772288,16.38865389590697,,12.961614,38.3711
Ethiopia,1987,7.293,254.1213294,16.091364803566158,,12.739168,45.8925
Ethiopia,1988,7.262,253.2482625,15.780661013555637,,12.516712,45.6822
Ethiopia,1989,7.229,256.3864753,15.436282559721423,,12.291332,45.6436
Ethiopia,1990,7.196,262.1089711,15.465051616202208,,12.045295,45.1166
Ethiopia,1991,7.161,277.5659104,15.557936500710776,,11.77426,46.6565
Ethiopia,1992,7.125,207.4064009,16.518987553339684,,11.479715,47.2788
Ethiopia,1993,7.088,168.5204014,14.86500248910822,,11.154449,47.6757
Ethiopia,1994,7.051,127.6859235,14.5171349427012,,10.808251,47.9256
Ethiopia,1995,6.998,136.5236191,16.050018594385214,,10.458259,48.1562
Ethiopia,1996,6.928,147.3274589,13.996458232797716,,10.102051,48.6974
Ethiopia,1997,6.869,143.3695315,13.595175314235927,,9.752387,49.21
Ethiopia,1998,6.792,126.4650958,14.316314487124764,,9.411608,49.7854
Ethiopia,1999,6.721,120.7346315,12.59517442351462,,9.077277,49.4857
Ethiopia,2000,6.654,122.2692026,12.685555934897796,,8.742111,50.8802
Ethiopia,2001,6.579,118.4572043,12.224066035329386,,8.400673,51.4276
Ethiopia,2002,6.499,109.5938136,12.321664513568615,,8.052116,52.0851
Ethiopia,2003,6.4,116.8004911,11.400082514564517,,7.6966524,52.8773
Ethiopia,2004,6.301,133.1698125,10.504429183,,7.3371134,53.7349
Ethiopia,2005,6.194,158.2434581,10.2658727105684,,6.983603,54.364
Ethiopia,2006,6.047,189.3457375,9.976931657092925,,6.637993,55.4017
Ethiopia,2007,5.887,237.146256,9.291442361652908,,6.313633,56.5665
Ethiopia,2008,5.695,316.4104751,9.204253502648866,,6.008213,57.7325
Ethiopia,2009,5.488,368.5747123,8.726677174818077,,5.724248,58.715
Ethiopia,2010,5.282,330.6194128,8.336527761089286,,5.458041,59.7094
Ethiopia,2011,5.08,343.0249424,8.128534063,,5.2085123,60.5947
Ethiopia,2012,4.887,452.1010319,8.266369928659628,,4.9742413,61.4426
Ethiopia,2013,4.708,484.0398331,7.997668445875214,,4.754553,62.1613
Ethiopia,2014,4.605,549.9865771,7.989819604411899,,4.551229,62.9272
Ethiopia,2015,4.529,621.8456738,8.176462079653518,,4.361288,63.592
Ethiopia,2016,4.473,696.1958847,9.3872725933501,,4.180276,64.1624
Ethiopia,2017,4.401,745.6324492,8.449608816308116,,4.013103,64.7659
Ethiopia,2018,4.371,747.9681436,8.626518908662925,,3.862875,65.2573
Ethiopia,2019,4.347,828.7089723,7.937845741640385,,3.731954,65.7413
Ethiopia,2020,4.274,905.3131758,8.780262865371354,,3.607886,65.9688
Ethiopia,2021,4.177,910.9478403,8.365387343237035,,3.4964783,65.3299
Ethiopia,2022,4.082,1011.073286,,,3.393167,66.8971
Ethiopia,2023,3.989,1272.016282,,,,67.315
Iran,1980,6.63,2368.392857,3.444738448344452,2.87,7.722955,58.3689
Iran,1981,6.618,2393.449856,3.482768748046393,3.0300000000000002,7.208857,56.6253
Iran,1982,6.586,2844.876114,3.1842437623599427,3.19,6.7537947,57.6331
Iran,1983,6.528,3397.0614,3.3476509838746606,3.35,6.350665,58.5184
Iran,1984,6.433,3395.336976,3.281732201774832,3.51,5.99823,60.875
Iran,1985,6.242,3634.032096,3.246574225330224,3.67,5.692014,61.5366
Iran,1986,6.011,4064.346673,3.4184823977927143,3.846,5.4178743,62.1363
Iran,1987,5.719,2513.151116,3.389041436773985,4.022,5.16129,62.6848
Iran,1988,5.434,2234.462351,6.024822792830953,4.198,4.9159613,63.2552
Iran,1989,5.172,2124.972148,3.3324709367891114,4.374,4.6857033,65.3138
Iran,1990,4.934,2137.942227,3.413355653496556,4.55,4.47295,64.0656
Iran,1991,4.568,2194.439068,3.5364349199688694,4.82,4.2798195,66.2325
Iran,1992,4.099,1957.485078,3.2581428703122497,5.09,4.1072245,66.6528
Iran,1993,3.674,1038.109857,3.265394581431152,5.36,3.9541676,67.0373
Iran,1994,3.244,1167.762725,3.1301747318068425,5.630000000000001,3.811451,67.4901
Iran,1995,2.852,1550.009596,3.0343827627183897,5.9,3.6766696,67.9036
Iran,1996,2.542,1914.781213,3.0953501261712284,6.15,3.5421078,68.328
Iran,1997,2.323,1790.066176,3.092780396468113,6.4,3.406735,68.649
Iran,1998,2.19,1709.193341,3.144223823972569,6.65,3.2683213,69.2136
Iran,1999,2.089,1739.59462,3.3380731022419656,6.9,3.1241722,69.6858
Iran,2000,1.999,1650.013858,3.16940178157773,7.15,2.9781623,70.1665
Iran,2001,1.918,1881.022666,3.2118493999027327,7.308000000000001,2.8322651,70.6188
Iran,2002,1.836,1891.257561,3.065994272746162,7.466,2.6796288,71.1118
Iran,2003,1.801,2208.996366,3.091256622832072,7.6240000000000006,2.526524,70.4642
Iran,2004,1.78,2672.422665,3.108311257083251,7.782,2.3745253,72.0401
Iran,2005,1.756,3132.050819,3.187599452801328,7.94,2.2327294,72.4463
Iran,2006,1.755,3618.916014,3.2855485771770567,8.16,2.0966825,72.8953
Iran,2007,1.748,4687.991663,3.748114542393366,8.379999999999999,1.970145,73.2992
Iran,2008,1.743,5377.411507,3.8883873655979775,8.6,1.8531595,73.6835
Iran,2009,1.74,5415.522806,3.826567453552452,8.82,1.746451,74.0412
Iran,2010,1.749,6291.194437,3.933328695282402,9.04,1.6524191,74.3896
Iran,2011,1.792,8025.687434,3.879164632763141,9.101999999999999,1.5728787,74.7207
Iran,2012,1.851,8114.080998,3.94191228138776,9.164,1.5017495,75.039
Iran,2013,1.913,6222.741948,3.982354311325105,9.225999999999999,1.4402653,75.3486
Iran,2014,1.975,5672.063729,3.925498217768817,9.288,1.3831812,75.6352
Iran,2015,2.017,4952.733555,3.864867634168708,9.35,1.3300169,75.9073
Iran,2016,2.054,5477.037124,3.89253982633575,9.453999999999999,1.2780805,76.1551
Iran,2017,2.023,5753.115447,3.8028404972126575,9.558,1.2319745,76.3963
Iran,2018,1.919,4631.78709,3.515820604597748,9.661999999999999,1.1924026,76.6205
Iran,2019,1.766,3831.278948,3.119718324135883,9.766,1.1507287,76.8549
Iran,2020,1.7,2988.781224,3.173679371405124,9.87,1.1096884,74.1406
Iran,2021,1.709,4334.792686,3.2003679203293283,9.87,1.0708597,73.7521
Iran,2022,1.704,4405.092915,,9.87,1.0346644,76.7993
Iran,2023,1.695,4465.63767,,9.87,,77.6545
Latvia,1980,1.876,,6.856332058138519,,1.5310646,69.1171
Latvia,1981,1.874,,7.313932524281009,,1.5282195,69.0787
Latvia,1982,1.953,,6.815662238919648,,1.5142051,69.6274
Latvia,1983,2.097,,6.580824660468011,,1.4742309,69.3968
Latvia,1984,2.112,,6.319395242736079,,1.4067497,69.4338
Latvia,1985,2.061,,5.769392437830259,,1.3239496,69.5955
Latvia,1986,2.173,,5.108622824999999,,1.2429018,70.9628
Latvia,1987,2.179,,5.152848693240382,,1.1848186,71.0125
Latvia,1988,2.14,,6.619677039750345,,1.1772122,70.9144
Latvia,1989,2.029,,8.946588082813365,,1.2299721,70.4035
Latvia,1990,1.987,,10.468475579095111,,1.3204782,69.4572
Latvia,1991,1.844,,12.310893408203114,,1.4211528,69.1819
Latvia,1992,1.72,,16.445813870893577,,1.5100436,68.4514
Latvia,1993,1.503,,21.626598612155163,,1.5695058,66.6288
Latvia,1994,1.384,,23.872564178745588,,1.5863521,65.1828
Latvia,1995,1.252,2256.773604,21.15327613443388,,1.5645258,65.9954
Latvia,1996,1.161,2360.171482,16.756167260585475,,1.5115379,68.5859
Latvia,1997,1.117,2609.893087,16.307034936900738,,1.4342686,69.2247
Latvia,1998,1.104,2893.799987,16.040520525818003,,1.3390305,68.8508
Latvia,1999,1.171,3063.897946,15.379176479746905,,1.2377981,69.6483
Latvia,2000,1.244,3278.178964,14.880451650651052,,1.1476555,70.1755
Latvia,2001,1.223,3504.618295,14.793128548316629,,1.0787636,69.9058
Latvia,2002,1.258,4003.609358,14.396643790499471,,1.0250844,70.1755
Latvia,2003,1.322,4914.579928,13.290654062809187,,0.9716978,70.6361
Latvia,2004,1.297,6109.732652,12.294575967257355,,0.9140959,70.9395
Latvia,2005,1.389,7283.787381,12.21269350924939,,0.8590559,70.6324
Latvia,2006,1.464,9211.737447,12.058886861435738,,0.8119438,70.5501
Latvia,2007,1.542,13370.97895,10.931627840275825,,0.77118987,70.7894
Latvia,2008,1.585,15677.60809,9.961861501,,0.731919,71.999
Latvia,2009,1.472,11996.03227,8.75748998723934,,0.6914061,72.6966
Latvia,2010,1.367,11188.41917,8.064099677446602,,0.6482582,73.0285
Latvia,2011,1.343,12902.57405,7.950523084420363,,0.6017464,73.7176
Latvia,2012,1.444,13329.34999,7.430175040191516,,0.55372655,73.9387
Latvia,2013,1.527,14484.47153,7.519679084023834,,0.50791967,74.1873
Latvia,2014,1.646,15185.81458,7.351470929455056,,0.46524096,74.306
Latvia,2015,1.706,13321.97531,6.774421786132889,11.87,0.4286531,74.6646
Latvia,2016,1.742,13838.52668,6.193264726474852,11.895999999999999,0.40045768,74.7568
Latvia,2017,1.698,15132.49583,5.7614909502628375,11.921999999999999,0.3776621,74.8005
Latvia,2018,1.612,17252.17104,5.817470035,11.948,0.35763982,74.9793
Latvia,2019,1.609,17294.97516,5.399740738129002,11.974,0.3382433,75.6278
Latvia,2020,1.546,17564.23215,5.184765204548451,12.0,0.31823078,75.4781
Latvia,2021,1.572,20262.84339,5.4171582169245465,12.0,0.2969316,73.1809
Latvia,2022,1.47,20229.46136,,12.0,0.27569625,74.8706
Latvia,2023,1.338,22502.84299,,12.0,,76.1898
Namibia,1980,6.238,2467.807655,15.022739962695171,,6.5349402,56.5725
Namibia,1981,6.159,2266.910406,14.963862267126157,,6.4471765,56.9118
Namibia,1982,6.078,2097.093409,15.102602157908107,,6.3199043,57.3347
Namibia,1983,5.995,2214.338631,14.979877889,,6.158076,57.6369
Namibia,1984,5.94,1830.469206,14.78665055353592,,5.964566,58.0967
Namibia,1985,5.877,1466.179244,14.67807876082326,,5.760145,58.4721
Namibia,1986,5.793,1599.397857,14.450487913535667,,5.5552998,58.7248
Namibia,1987,5.699,1969.42365,14.21265600525366,,5.3684645,59.1229
Namibia,1988,5.609,2062.579976,14.019079196257586,,5.203379,59.033
Namibia,1989,5.517,1966.827028,14.242467778496325,,5.0571203,60.773
Namibia,1990,5.398,2037.475894,14.725410348825688,,4.9139624,61.3586
Namibia,1991,5.29,2116.905525,14.910694079804395,,4.8095737,60.8326
Namibia,1992,5.107,2346.86243,15.32851898660598,,4.737218,60.1601
Namibia,1993,4.905,2154.964737,15.631578803568956,,4.7033005,59.2604
Namibia,1994,4.676,2355.904457,16.20933437702776,,4.7043815,58.4407
Namibia,1995,4.417,2483.203534,16.939238260501213,,4.749477,57.5178
Namibia,1996,4.201,2423.398291,17.579362013911037,,4.7956314,56.6387
Namibia,1997,4.166,2459.645118,18.32325337657757,,4.7899613,55.8444
Namibia,1998,4.176,2235.245155,19.26233203414853,,4.725971,54.7672
Namibia,1999,4.138,2177.787334,20.28255357442152,,4.6268077,53.9825
Namibia,2000,3.991,2156.675905,21.37435100495841,,4.5299835,52.9462
Namibia,2001,3.827,1915.589266,21.13678761599221,,4.4431987,51.9803
Namibia,2002,3.693,1772.075655,22.15323523399737,,4.35996,51.9882
Namibia,2003,3.58,2569.247393,22.62754329603424,,4.3096557,51.9178
Namibia,2004,3.545,3403.154962,21.906003903930667,,4.2397776,52.1755
Namibia,2005,3.571,3685.773,21.916345719008408,,3.9204774,52.557
Namibia,2006,3.601,4017.183472,20.74955193895244,,3.7448552,53.1826
Namibia,2007,3.608,4379.043137,20.00682682958992,,3.7835357,54.026
Namibia,2008,3.616,4204.785554,19.31887789277801,,3.780756,54.7401
Namibia,2009,3.633,4302.913741,19.05424474904705,,3.8760037,55.3474
Namibia,2010,3.657,5418.216334,18.78203102028086,,3.6923091,56.0935
Namibia,2011,3.658,5834.791768,18.037647746157152,,3.7114987,56.6467
Namibia,2012,3.676,5942.64681,17.478230579475653,,3.8229496,57.7335
Namibia,2013,3.653,5346.621311,17.425112271588254,,3.594356,58.4675
Namibia,2014,3.635,5378.323262,17.471334125780547,,3.3360467,59.3113
Namibia,2015,3.604,4774.106509,17.477699657,7.02,3.3098464,60.0083
Namibia,2016,3.574,4395.687762,17.310963717444334,7.061999999999999,3.249744,60.8098
Namibia,2017,3.511,5143.960723,17.079795591857422,7.104,3.172883,61.661
Namibia,2018,3.462,5308.608134,16.966751403892125,7.146,3.117231,62.5787
Namibia,2019,3.404,4731.921032,16.70613189956863,7.188000000000001,3.0538638,63.5463
Namibia,2020,3.349,3878.58983,16.503427151162086,7.23,2.9855402,64.0712
Namibia,2021,3.303,4412.835569,16.278185400908942,7.23,2.9297054,60.8499
Namibia,2022,3.248,4349.045322,,7.23,2.8620448,64.1903
Namibia,2023,3.212,4168.285211,,7.23,,67.3848
Nauru,1980,3.878,6137.681296,8.215418775885382,,,58.4713
Nauru,1981,3.935,6593.906952,8.236889002111589,,,58.5549
Nauru,1982,3.993,6576.83364,8.246197964952133,,,58.6351
Nauru,1983,4.056,5895.702668,8.339180057573081,,,58.6935
Nauru,1984,4.108,5653.961,8.396085229636617,,,58.6581
Nauru,1985,4.144,4858.933517,8.461859400520847,,6.2916474,58.598
Nauru,1986,4.149,4568.678877,8.514591268602842,,6.036975,58.5911
Nauru,1987,4.143,4484.508146,8.560701200496975,,5.791486,58.625
Nauru,1988,4.114,5011.580315,8.671072964999999,,5.5472775,58.7252
Nauru,1989,4.068,5722.767422,8.746421567430348,,5.3198104,58.8996
Nauru,1990,4.02,5775.553474,8.867010063863946,,5.1006894,59.1018
Nauru,1991,3.991,5333.379549,8.984968767804736,,4.887139,59.3124
Nauru,1992,3.952,5102.596859,9.160577846940056,,4.6800056,59.5184
Nauru,1993,3.887,4310.244333,9.36421367312042,,4.4754534,59.7613
Nauru,1994,3.837,3920.53973,9.658788597717464,,4.284471,59.9538
Nauru,1995,3.808,3932.091094,10.083610465059213,,4.108754,60.0627
Nauru,1996,3.775,3678.562429,10.486426968198138,,3.9454837,60.0704
Nauru,1997,3.738,3661.028467,10.918720386792138,,3.798778,59.9848
Nauru,1998,3.683,2908.849865,11.359803347028995,,3.664271,59.86
Nauru,1999,3.636,2682.694867,11.68924119942468,,3.5392697,59.7007
Nauru,2000,3.543,2648.601529,12.041497517438048,,3.428492,59.5743
Nauru,2001,3.461,2232.30874,12.563987277317551,,3.334235,59.4823
Nauru,2002,3.4,2084.648245,12.749223177651215,,3.2549279,59.427
Nauru,2003,3.388,2463.282591,12.820982767082755,,3.1940627,59.3587
Nauru,2004,3.378,3040.513499,12.867421457175327,,3.1506848,59.3455
Nauru,2005,3.377,2992.403828,12.881762359522565,,3.1260514,59.3608
Nauru,2006,3.4,2910.141458,12.807492513327327,,3.1146903,59.4086
Nauru,2007,3.504,2272.152913,12.612783639079352,,3.1134276,59.4899
Nauru,2008,3.665,3756.845312,12.495581627934806,,3.1122134,59.6754
Nauru,2009,3.847,4410.567647,12.376052532985032,,3.0934577,59.8524
Nauru,2010,4.019,4735.920005,12.16223998090913,,3.0622268,60.0741
Nauru,2011,4.117,6480.904513,11.932223013893188,,3.0095491,60.2868
Nauru,2012,4.115,9817.368722,11.71625972257242,,2.9516993,60.5326
Nauru,2013,4.098,8974.518869,11.395514740879086,,2.881227,60.7009
Nauru,2014,4.085,9193.097844,11.028340643503787,,2.8097043,60.8335
Nauru,2015,4.075,7703.431499,10.749883082209472,,2.737335,60.8969
Nauru,2016,4.027,8724.307003,10.51483505125601,,2.6665998,60.9958
Nauru,2017,3.879,9613.412091,10.352226142667703,,2.59345,61.1011
Nauru,2018,3.683,11408.69476,10.192213514098292,,2.5124679,61.2378
Nauru,2019,3.531,10776.82846,10.06543588771221,,2.440481,61.3931
Nauru,2020,3.466,10695.69933,9.947114156875775,,2.367643,61.5271
Nauru,2021,3.425,14989.66475,9.854595827700894,,2.2949212,61.3312
Nauru,2022,3.379,13287.27119,,,2.229877,61.9304
Nauru,2023,3.331,12982.76121,,,,62.1094
New Zealand,1980,2.032,7467.168038,1.4499521945889156,11.56,1.2752512,72.8619
New Zealand,1981,2.011,7813.887543,1.489677118174288,11.562000000000001,1.2432048,73.6324
New Zealand,1982,1.947,7656.475732,1.457108975585508,11.564,1.2137291,73.7237
New Zealand,1983,1.92,7598.312039,1.659686854037474,11.566,1.186668,73.8291
New Zealand,1984,1.928,6713.760131,1.614846179814003,11.568,1.1589963,74.3668
New Zealand,1985,1.93,7600.565242,2.170461137397218,11.57,1.12953,73.8761
New Zealand,1986,1.96,9427.55394,2.386402086632999,11.554,1.0971516,74.1192
New Zealand,1987,2.029,12330.91683,2.303415531552629,11.538,1.0592278,74.2074
New Zealand,1988,2.098,13759.15563,2.1876514512044025,11.522,1.0151517,74.4784
New Zealand,1989,2.121,13312.38559,2.416313442657956,11.506,0.9665804,74.8878
New Zealand,1990,2.167,13663.02162,2.471183827764873,11.49,0.9161398,75.4252
New Zealand,1991,2.092,12230.07345,2.30683637244763,11.55,0.8672967,76.0789
New Zealand,1992,2.06,11793.13924,2.339123893530908,11.61,0.82196474,76.1907
New Zealand,1993,2.038,13094.34545,1.9302203970388128,11.67,0.7823583,76.4987
New Zealand,1994,1.982,15280.31278,2.007942617529426,11.729999999999999,0.74831045,76.9178
New Zealand,1995,1.979,17400.42018,2.047001949708847,11.79,0.7183064,76.7853
New Zealand,1996,1.961,18794.43604,1.9485339273675768,11.85,0.6913599,76.8069
New Zealand,1997,1.956,17474.18703,1.8217452491851984,11.91,0.6671168,77.3441
New Zealand,1998,1.895,14738.44557,1.647064634077515,11.969999999999999,0.6454216,78.1667
New Zealand,1999,1.966,15322.22383,1.5468371967543355,12.03,0.6260904,77.9107
New Zealand,2000,1.977,13641.10272,1.6918450415784525,12.09,0.60918677,78.6681
New Zealand,2001,1.964,13882.85683,1.672867925885536,12.106,0.5940382,78.6615
New Zealand,2002,1.892,16874.18749,1.8075962482654608,12.122,0.58072746,78.8659
New Zealand,2003,1.929,21913.70817,1.6628599997009068,12.138,0.56853056,79.1414
New Zealand,2004,1.976,25420.23488,1.5394872374625668,12.154,0.5576994,79.3548
New Zealand,2005,1.961,27751.06547,1.7698084911764047,12.17,0.54841673,80.0308
New Zealand,2006,2.01,26654.5932,1.6801049037816769,12.048,0.54096586,80.0152
New Zealand,2007,2.169,32479.98174,1.552068634,11.926,0.53477156,80.122
New Zealand,2008,2.187,31252.96256,1.5594135138868186,11.804,0.5292324,80.2457
New Zealand,2009,2.133,28209.36233,1.7412554290943176,11.682,0.5233901,80.545
New Zealand,2010,2.165,33676.77412,1.4888924375188222,11.56,0.5163683,81.0517
New Zealand,2011,2.096,38388.52809,1.4214308658870882,11.502,0.50768936,80.8422
New Zealand,2012,2.087,39974.29973,1.3916787365283712,11.444,0.49690938,81.1668
New Zealand,2013,2.004,42977.38804,1.3705527648340403,11.386,0.48478088,81.6119
New Zealand,2014,1.925,44578.22539,1.2298529808826038,11.328,0.4715796,81.4106
New Zealand,2015,1.982,38639.35019,1.3058634459872605,11.27,0.45801482,81.5866
New Zealand,2016,1.876,40070.89566,1.2910155030747603,11.232,0.44464773,82.0027
New Zealand,2017,1.811,42913.18696,1.059360062454664,11.193999999999999,0.43202186,81.6053
New Zealand,2018,1.719,43228.69765,1.0468033229427378,11.156,0.42087355,81.8838
New Zealand,2019,1.717,42747.20993,1.0570984006314907,11.118,0.411244,81.8322
New Zealand,2020,1.63,41785.69229,0.9843427136482804,11.08,0.40227312,82.6628
New Zealand,2021,1.647,49624.18167,0.985615042434835,11.08,0.394405,82.3003
New Zealand,2022,1.665,48216.50958,,11.08,0.38607663,81.0061
New Zealand,2023,1.667,48280.81142,,11.08,,82.088
Nicaragua,1980,5.959,659.2971431,11.202195752860554,2.61,7.707598,57.9528
Nicaragua,1981,5.84,739.6716557,11.11312365132546,2.7039999999999997,7.2989693,58.2784
Nicaragua,1982,5.737,713.7778091,11.10302656556933,2.798,6.930463,58.6854
Nicaragua,1983,5.611,779.8527307,11.058187054370636,2.892,6.604017,56.8509
Nicaragua,1984,5.488,861.4286498,10.930518146894189,2.986,6.316621,56.1261
Nicaragua,1985,5.359,724.0564253,11.04237185233973,3.08,6.0642366,56.3995
Nicaragua,1986,5.217,760.5905591,11.12101346362223,3.292,5.8429193,57.5581
Nicaragua,1987,5.073,992.0240664,11.858729588936349,3.504,5.6403074,57.3291
Nicaragua,1988,4.931,662.3081966,10.349473690875042,3.7159999999999997,5.449622,59.8332
Nicaragua,1989,4.762,249.1554741,9.188104240289334,3.928,5.26147,61.884
Nicaragua,1990,4.596,242.5083887,9.319286515486692,4.14,5.0656404,62.4729
Nicaragua,1991,4.432,349.5143186,10.239208063767414,4.308,4.865363,63.3096
Nicaragua,1992,4.267,411.4733307,10.295853327793411,4.476,4.653116,63.6717
Nicaragua,1993,4.102,394.378074,10.413350986332514,4.644,4.4397106,64.0928
Nicaragua,1994,3.937,849.1793314,10.561554208138707,4.812,4.2292476,64.549
Nicaragua,1995,3.775,891.7793523,10.962565441063944,4.98,4.0237746,64.8693
Nicaragua,1996,3.62,910.8616459,11.15203036466814,5.136,3.8243072,65.2148
Nicaragua,1997,3.473,912.7573976,10.678651719170118,5.292,3.6354592,65.5231
Nicaragua,1998,3.339,949.1553735,10.282965347419536,5.448,3.7254474,64.1109
Nicaragua,1999,3.218,980.2197447,10.419429629,5.604,3.2808533,65.8924
Nicaragua,2000,3.12,1017.312443,10.219025391580244,5.76,3.120251,66.3601
Nicaragua,2001,2.996,1051.874236,10.21873191240402,5.918,2.9704566,67.0281
Nicaragua,2002,2.887,1014.333904,10.607746067870936,6.076,2.8327742,67.9504
Nicaragua,2003,2.827,1021.352167,11.06283109307038,6.234,2.700733,68.7487
Nicaragua,2004,2.784,1098.621187,11.060208675394833,6.3919999999999995,2.578649,69.5101
Nicaragua,2005,2.765,1183.302173,11.439392075519208,6.55,2.465755,70.3745
Nicaragua,2006,2.733,1248.17676,10.558069175739748,6.662,2.3575366,70.9578
Nicaragua,2007,2.697,1350.389546,10.59693878388607,6.774,2.2580137,71.1973
Nicaragua,2008,2.66,1523.68089,10.65711316973669,6.886,2.16453,71.4043
Nicaragua,2009,2.626,1467.080196,10.359539639428984,6.998,2.0781627,71.4986
Nicaragua,2010,2.596,1526.561853,9.648171887606605,7.11,1.9959993,71.7608
Nicaragua,2011,2.558,1679.710342,9.651066299974977,7.196000000000001,1.9213604,72.0329
Nicaragua,2012,2.527,1784.692128,9.491281797,7.282,1.8480413,72.4346
Nicaragua,2013,2.492,1835.434364,9.128824396139752,7.368,1.7785667,72.5513
Nicaragua,2014,2.463,1958.369665,8.992823099383626,7.454,1.713796,72.792
Nicaragua,2015,2.434,2074.454465,8.264657082000001,7.54,1.653401,72.8989
Nicaragua,2016,2.407,2131.688285,8.675775117429598,7.648,1.5964866,73.1803
Nicaragua,2017,2.378,2182.618751,8.482298756312655,7.756,1.5435627,73.3892
Nicaragua,2018,2.347,2035.167501,13.533298339160856,7.864,1.493021,73.8787
Nicaragua,2019,2.321,1958.621329,8.462722811622395,7.972,1.4448202,73.7637
Nicaragua,2020,2.299,1931.615158,7.415065613794021,8.08,1.3983119,70.7662
Nicaragua,2021,2.265,2128.609806,7.439724531594643,8.08,1.3525021,70.4777
Nicaragua,2022,2.24,2325.167379,,8.08,1.3083634,74.4626
Nicaragua,2023,2.218,2612.870662,,8.08,,74.9468
Niger,1980,7.782,408.8227798,6.295886468589747,0.26,13.082019,39.344
Niger,1981,7.822,343.3868007,6.33651020294834,0.28600000000000003,13.063238,39.637
Niger,1982,7.862,309.7950623,6.377657543404462,0.312,13.137756,39.8438
Niger,1983,7.902,268.7725807,6.358425810607834,0.338,13.277768,39.9787
Niger,1984,7.921,211.4688073,6.46816609522292,0.364,13.445125,39.9889
Niger,1985,7.932,202.3727407,6.480394658018967,0.39,13.597115,40.1199
Niger,1986,7.904,259.5618942,6.565978959704293,0.42200000000000004,13.702301,40.2511
Niger,1987,7.871,295.3262539,6.645932403153956,0.454,13.730494,40.4678
Niger,1988,7.841,292.5878785,6.482654514731908,0.48600000000000004,13.683337,40.7909
Niger,1989,7.818,271.2665579,6.422292839781366,0.518,13.5736065,41.1878
Niger,1990,7.806,423.8874606,6.492933470158175,0.55,13.403139,41.7324
Niger,1991,7.798,384.4431168,6.465579796645301,0.5780000000000001,13.16481,42.2892
Niger,1992,7.795,384.0296573,6.460250353046797,0.606,12.864804,43.0644
Niger,1993,7.79,335.4295819,6.537224933805036,0.634,12.498613,43.8382
Niger,1994,7.786,206.2146171,6.454404075866669,0.6619999999999999,12.074838,44.5862
Niger,1995,7.776,237.0199896,6.559897581372505,0.69,11.630805,45.5039
Niger,1996,7.78,239.4945132,6.454056754955224,0.714,11.190478,46.3133
Niger,1997,7.802,220.5629572,6.632883239370275,0.738,10.798253,47.0975
Niger,1998,7.84,246.0908559,6.594246797816725,0.762,10.442099,47.8066
Niger,1999,7.84,228.2716561,6.522178887334922,0.786,10.129097,48.4801
Niger,2000,7.829,194.7719599,6.536914287025664,0.81,9.8176775,49.1725
Niger,2001,7.81,205.4179361,6.578187204735704,0.8480000000000001,9.475397,49.8722
Niger,2002,7.797,225.2943911,6.882247384542017,0.886,9.094201,50.6448
Niger,2003,7.789,265.2253635,6.424802584700369,0.924,8.696556,51.5448
Niger,2004,7.777,283.4682818,6.0691096774173525,0.962,8.299824,52.4019
Niger,2005,7.769,318.6431219,6.20899779423462,1.0,7.919757,53.3203
Niger,2006,7.744,333.3450784,5.844973164804603,1.072,7.5799546,54.2228
Niger,2007,7.726,387.1680659,5.743683552962988,1.1440000000000001,7.2893343,55.0628
Niger,2008,7.702,475.0449554,5.216117979322268,1.2160000000000002,7.045057,55.8515
Niger,2009,7.679,461.131534,5.309896863031049,1.288,6.848298,56.4871
Niger,2010,7.64,474.4256923,5.1604385292459884,1.36,6.698987,57.0796
Niger,2011,7.592,510.7595618,5.1970957379490645,1.4600000000000002,6.5886183,57.6001
Niger,2012,7.527,528.5101045,5.222392753200564,1.56,6.503886,57.9867
Niger,2013,7.445,552.1033344,5.364961652279651,1.6600000000000001,6.442327,58.364
Niger,2014,7.342,565.3098973,5.529935929061455,1.7600000000000002,6.39319,58.6934
Niger,2015,7.215,485.6625742,5.504283129971399,1.86,6.35051,58.8498
Niger,2016,7.043,502.7064754,5.503413776009917,2.0060000000000002,6.3127313,59.2283
Niger,2017,6.874,521.80413,5.453078311802624,2.152,6.2737494,59.5239
Niger,2018,6.706,578.5680357,5.3983851552174045,2.298,6.233522,59.7646
Niger,2019,6.537,561.6913043,5.283047220570334,2.444,6.198615,60.031
Niger,2020,6.369,579.5124958,5.337484815815009,2.59,6.1568065,59.8903
Niger,2021,6.2,608.7224396,5.550434668674128,2.59,6.0965533,59.5422
Niger,2022,6.135,609.7451476,,2.59,6.0278215,60.3981
Niger,2023,6.061,642.9379179,,2.59,,61.1833
Norway,1980,1.722,15772.24091,1.3649736742805283,9.07,0.8163724,75.6726
Norway,1981,1.701,15512.5067,1.4149477195388749,9.25,0.8024052,75.8817
Norway,1982,1.706,15224.89391,1.2824929377352978,9.43,0.801005,76.0188
Norway,1983,1.656,14927.51748,1.324823363155098,9.610000000000001,0.8082525,76.0787
Norway,1984,1.657,14989.48577,1.267522419110248,9.790000000000001,0.8185154,76.2468
Norway,1985,1.675,15753.55277,1.2223295657741382,9.97,0.8273748,75.9327
Norway,1986,1.707,18883.23335,1.5127227732796091,10.110000000000001,0.8290973,76.2533
Norway,1987,1.744,22505.86226,1.4516263211732725,10.25,0.8198476,76.102
Norway,1988,1.841,24207.28147,1.3449127797382938,10.39,0.79538727,76.2709
Norway,1989,1.887,24281.13041,1.378479128227188,10.53,0.7544573,76.5435
Norway,1990,1.932,28242.9814,1.3457029921993744,10.67,0.7013912,76.5864
Norway,1991,1.92,28596.933,1.4623352604579023,10.786,0.64362454,77.0382
Norway,1992,1.888,30523.98506,1.3041657348066786,10.902,0.5869977,77.2461
Norway,1993,1.865,27963.69791,1.1158610160320377,11.018,0.53626835,77.2207
Norway,1994,1.869,29315.80923,1.026986878487387,11.134,0.49497724,77.7728
Norway,1995,1.873,34875.70433,1.1428390838401428,11.25,0.46332583,77.7966
Norway,1996,1.892,37321.9742,1.1526046378152603,11.316,0.4405169,78.2326
Norway,1997,1.86,36629.0309,1.158303034290988,11.382,0.42511138,78.2382
Norway,1998,1.82,34803.46341,1.0804217899726012,11.448,0.41395798,78.4081
Norway,1999,1.849,36393.29275,1.0379975200874876,11.514,0.40373197,78.3864
Norway,2000,1.854,38178.23688,1.165575558679964,11.58,0.39336288,78.6916
Norway,2001,1.788,38601.89764,0.944386026,11.672,0.38206604,78.8958
Norway,2002,1.757,43170.55717,1.0115391027574208,11.764,0.36923683,78.9602
Norway,2003,1.798,50250.32982,1.0630962611691592,11.856,0.35588485,79.5291
Norway,2004,1.828,57768.6981,0.9208831922040444,11.947999999999999,0.3422937,79.9645
Norway,2005,1.835,67047.17046,0.7976703429408287,12.04,0.3288409,80.1695
Norway,2006,1.899,74434.49968,0.8932168129786591,12.001999999999999,0.31562948,80.4404
Norway,2007,1.897,85502.26771,0.7583346074677392,11.963999999999999,0.30279335,80.5024
Norway,2008,1.951,97503.54078,0.6805239849573106,11.926,0.290012,80.6772
Norway,2009,1.974,80347.57007,0.7093776414660953,11.888,0.27732778,80.8655
Norway,2010,1.941,88163.20859,0.7157861963928576,11.85,0.2650767,81.0392
Norway,2011,1.876,101221.8135,0.8161221244942077,11.94,0.2540545,81.2454
Norway,2012,1.847,102175.9193,0.7640013449999999,12.03,0.24426246,81.4458
Norway,2013,1.779,103553.8401,0.886400608,12.120000000000001,0.23559037,81.6683
Norway,2014,1.754,97666.69518,0.7009732678475367,12.21,0.22762609,82.0869
Norway,2015,1.728,74809.9658,0.5340297463127284,12.3,0.2203039,82.2728
Norway,2016,1.705,70867.361,0.5772652563121546,12.290000000000001,0.21330082,82.4151
Norway,2017,1.624,76131.8384,0.5136115217821753,12.280000000000001,0.20634922,82.6242
Norway,2018,1.566,82792.84271,0.469066523701613,12.27,0.19967584,82.7599
Norway,2019,1.533,76430.58895,0.4727057149856231,12.26,0.19325256,82.9553
Norway,2020,1.482,68340.0181,0.5055643962339537,12.25,0.18723612,83.1953
Norway,2021,1.56,93072.89251,0.4472686869669466,12.25,0.18153706,83.1656
Norway,2022,1.415,108798.4512,,12.25,0.17635658,82.6309
Norway,2023,1.405,87925.09442,,12.25,,83.3078
Panama,1980,3.796,2357.09132,7.814344198194717,6.92,3.4909885,69.4506
Panama,1981,3.723,2605.455299,7.172782078104802,7.068,3.3928707,69.7896
Panama,1982,3.659,2811.406437,7.0495518055640485,7.216,3.2885652,69.8997
Panama,1983,3.601,2819.351285,6.824731993736705,7.364,3.17585,70.1335
Panama,1984,3.519,2874.948321,6.711415345311613,7.5120000000000005,3.0646672,70.4025
Panama,1985,3.427,2972.180707,7.891532287857423,7.66,2.9561133,70.5437
Panama,1986,3.339,3019.481505,8.348489407134554,7.7700000000000005,2.857024,70.6686
Panama,1987,3.251,2966.009679,9.018887432700485,7.880000000000001,2.7656794,70.8113
Panama,1988,3.173,2508.782293,9.48538582482556,7.99,2.6794944,70.945
Panama,1989,3.121,2462.110225,10.45459632873066,8.100000000000001,2.6023686,70.137
Panama,1990,3.072,2620.138273,9.952706312237371,8.21,2.5357451,71.2655
Panama,1991,2.999,2820.545477,9.90078104170918,8.33,2.477407,71.331
Panama,1992,2.95,3139.899529,10.642715743976938,8.450000000000001,2.4307086,71.4613
Panama,1993,2.909,3358.414117,12.005209076188605,8.57,2.3959718,71.8046
Panama,1994,2.877,3508.195701,11.973640481822006,8.690000000000001,2.3675601,71.9429
Panama,1995,2.852,3513.897379,12.47527453674429,8.81,2.3434157,71.9944
Panama,1996,2.83,3308.184296,10.910800747853456,8.93,2.318501,72.199
Panama,1997,2.81,3545.976709,11.7225641348468,9.05,2.2902138,72.5415
Panama,1998,2.789,3807.838692,11.303276676989896,9.17,2.2558718,72.7846
Panama,1999,2.767,3950.34145,11.310929532442492,9.290000000000001,2.2134843,73.1239
Panama,2000,2.744,3975.093087,11.41330620611503,9.41,2.160358,73.4432
Panama,2001,2.72,3991.776708,12.129880502151076,9.47,2.0990891,73.8197
Panama,2002,2.698,4090.586174,13.099102110688053,9.530000000000001,2.0324025,74.1947
Panama,2003,2.679,4264.664288,12.847425093343102,9.59,1.9677031,74.5671
Panama,2004,2.68,4644.565824,11.820882797218085,9.65,1.9050525,74.8453
Panama,2005,2.643,5017.741092,12.39087197098627,9.71,1.8423297,75.1604
Panama,2006,2.62,5528.767055,13.425120624165032,9.766,1.7821419,75.4291
Panama,2007,2.612,6317.817303,15.268708198009405,9.822000000000001,1.7241598,75.6751
Panama,2008,2.608,7347.590503,18.89284275966515,9.878,1.672224,75.937
Panama,2009,2.593,7796.92617,22.328642513342384,9.934000000000001,1.6245733,76.2283
Panama,2010,2.587,8331.464214,21.95208777576878,9.99,1.5831548,76.417
Panama,2011,2.604,9662.295922,21.46738699169384,10.05,1.5476922,76.6594
Panama,2012,2.591,11064.80636,20.944130078029065,10.11,1.5197463,76.8767
Panama,2013,2.569,12273.3225,19.14367557141984,10.17,1.4993573,77.1292
Panama,2014,2.552,13213.19896,17.94887782156479,10.229999999999999,1.4852165,77.3645
Panama,2015,2.53,14082.65485,15.480295197108362,10.29,1.4773914,77.5827
Panama,2016,2.502,14832.36116,14.081154636108549,10.363999999999999,1.4707568,77.7724
Panama,2017,2.462,15694.62975,14.19233080994542,10.437999999999999,1.453864,77.9011
Panama,2018,2.402,16151.32735,14.614131933389649,10.512,1.4168507,78.2656
Panama,2019,2.288,16477.90663,14.291776595921093,10.586,1.3604835,78.5145
Panama,2020,2.184,13290.56083,14.130349379734914,10.66,1.2909917,76.3302
Panama,2021,2.152,15509.80691,14.062184341031871,10.66,1.2150638,77.0037
Panama,2022,2.139,17332.43607,,10.66,1.1415781,79.3241
Panama,2023,2.119,18686.4051,,10.66,,79.5937
South Korea,1980,2.734,1715.4224,2.776570389185377,7.69,2.9731011,64.8484
South Korea,1981,2.669,1883.45598,2.560560536613747,7.886,2.8052194,67.1406
South Korea,1982,2.431,1992.516778,2.543028882738174,8.082,2.625442,67.0612
South Korea,1983,2.102,2198.939291,2.5175844098868665,8.278,2.4440322,66.7252
South Korea,1984,1.832,2413.276501,2.2868019262381063,8.474,2.2628608,68.1088
South Korea,1985,1.705,2482.399956,2.212679521931466,8.67,2.0842087,68.4083
South Korea,1986,1.623,2834.89034,2.1417609604764207,8.886,1.9117873,69.0349
South Korea,1987,1.571,3554.606009,2.162198869842777,9.102,1.7463633,69.315
South Korea,1988,1.558,4748.640644,2.107906976028899,9.318,1.5982704,70.1603
South Korea,1989,1.564,5817.065567,2.190907722770406,9.534,1.4661429,70.684
South Korea,1990,1.603,6609.997283,2.204546394051953,9.75,1.3467172,70.9936
South Korea,1991,1.702,7636.948064,2.154505837138145,9.91,1.239526,71.4024
South Korea,1992,1.738,8126.662062,2.1229541412862654,10.07,1.1432335,72.1755
South Korea,1993,1.683,8884.919464,2.086870859548701,10.23,1.055342,72.7453
South Korea,1994,1.67,10385.39046,2.169436825363805,10.39,0.9747447,72.889
South Korea,1995,1.646,12564.72437,2.114754384231561,10.55,0.9013859,73.3752
South Korea,1996,1.599,13402.9946,2.1456598513075145,10.700000000000001,0.8354966,74.0207
South Korea,1997,1.555,12398.49045,2.2062839102953484,10.850000000000001,0.7780508,74.5313
South Korea,1998,1.497,8281.719483,2.290299675654937,11.0,0.727494,75.035
South Korea,1999,1.469,10672.44756,2.2954360791331663,11.15,0.68325174,75.6173
South Korea,2000,1.467,12257.02066,2.374853916515424,11.3,0.6452608,76.2351
South Korea,2001,1.342,11561.20717,2.442969086867869,11.424000000000001,0.6115863,76.9195
South Korea,2002,1.227,13165.08362,2.46123830396186,11.548,0.5794121,77.2304
South Korea,2003,1.199,14672.80575,2.4971038337734024,11.672,0.5459573,77.4974
South Korea,2004,1.164,16496.13162,2.498075841584233,11.796,0.5112727,77.9571
South Korea,2005,1.115,19402.50263,2.382567652202777,11.92,0.47612104,78.4486
South Korea,2006,1.145,21743.47745,2.2951530841375463,12.066,0.44248596,79.0348
South Korea,2007,1.215,24086.41044,2.228496811060153,12.212,0.41248593,79.4323
South Korea,2008,1.19,21350.42798,2.1349935072161643,12.358,0.3878511,79.9956
South Korea,2009,1.178,19143.85161,2.0378468345848337,12.504,0.368316,80.5504
South Korea,2010,1.226,23079.26013,1.8978114632702263,12.65,0.35258836,80.7172
South Korea,2011,1.258,25097.59543,1.7297049904940982,12.752,0.3397621,81.1685
South Korea,2012,1.274,25459.1689,1.581329156798525,12.854000000000001,0.32879823,81.3075
South Korea,2013,1.206,27179.51701,1.4685932766412455,12.956,0.3186503,81.8356
South Korea,2014,1.197,29252.93124,1.353344076965815,13.058,0.30923802,82.3641
South Korea,2015,1.202,28737.43917,1.2572575804184158,13.16,0.3005885,82.5404
South Korea,2016,1.14,29280.44032,1.178177563582077,13.258000000000001,0.29255074,82.9204
South Korea,2017,1.035,31600.73587,1.099333263746157,13.356,0.2845208,83.2784
South Korea,2018,0.951,33447.15628,1.0664558210097448,13.454,0.2760339,83.34
South Korea,2019,0.881,31902.4169,1.0310671037860164,13.552,0.26680034,83.6846
South Korea,2020,0.812,31721.29891,1.0024879600053116,13.65,0.25702497,83.6752
South Korea,2021,0.783,35125.5225,1.0016034279930786,13.65,0.24692702,83.8517
South Korea,2022,0.78,32394.68337,,13.65,0.23698935,82.727
South Korea,2023,0.72,33121.37129,,13.65,,84.3288
United States,1980,1.861,12574.79151,11.141708174992935,12.2,1.2615507,73.73
United States,1981,1.847,13976.10539,10.76743234186559,12.234,1.2105781,74.1174
United States,1982,1.855,14433.78773,10.046507522654473,12.267999999999999,1.1655807,74.4635
United States,1983,1.827,15543.89372,9.290188847670882,12.302,1.1267118,74.5528
United States,1984,1.827,17121.22548,9.029167205547406,12.335999999999999,1.0934404,74.6747
United States,1985,1.854,18236.82773,9.032528090554802,12.37,1.064895,74.65
United States,1986,1.852,19071.22719,9.49068424252902,12.42,1.0399926,74.7284
United States,1987,1.885,20038.9411,9.417149662684974,12.469999999999999,1.0164001,74.8599
United States,1988,1.942,21417.01193,9.559822324735908,12.52,0.9926485,74.8333
United States,1989,2.014,22857.15443,9.724957000190734,12.569999999999999,0.967253,75.1091
United States,1990,2.072,23888.60001,10.353118663240464,12.62,0.9396675,75.3743
United States,1991,2.059,24342.2589,10.597575923131496,12.66,0.9098077,75.5243
United States,1992,2.039,25418.99078,10.20298138158392,12.7,0.87900174,75.779
United States,1993,2.01,26387.29373,10.17713290336671,12.74,0.8485362,75.5677
United States,1994,1.988,27694.85342,9.785330903319537,12.78,0.8197298,75.7381
United States,1995,1.965,28690.8757,9.095684016794474,12.82,0.7938148,75.8522
United States,1996,1.96,29967.71272,8.223592033120106,12.888,0.77101624,76.1749
United States,1997,1.956,31459.12997,7.512061366829556,12.956,0.7519387,76.4981
United States,1998,1.98,32853.67259,7.141338937645781,13.024000000000001,0.7359522,76.6592
United States,1999,1.99,34515.38131,6.776238564477695,13.092,0.7228039,76.6691
United States,2000,2.03,36329.97026,6.620208849456971,13.16,0.7118926,76.8058
United States,2001,2.011,37133.6204,6.763886063747686,13.15,0.70265573,76.9194
United States,2002,2.003,37997.74243,6.8173594785451765,13.14,0.69471204,76.9883
United States,2003,2.025,39490.30239,6.712458534953224,13.129999999999999,0.6878715,77.1369
United States,2004,2.031,41724.6412,6.623191678401062,13.12,0.68134654,77.535
United States,2005,2.04,44123.39965,6.774252397949096,13.11,0.6743542,77.5264
United States,2006,2.087,46301.98765,6.891053673870792,13.158,0.6664672,77.7976
United States,2007,2.096,48050.22741,6.716733498491135,13.206,0.65723336,78.0471
United States,2008,2.053,48570.05943,6.438121838947322,13.254,0.64681643,78.1273
United States,2009,1.987,47194.95009,6.126078431332197,13.302,0.6355854,78.4758
United States,2010,1.916,48650.66432,5.863740380090889,13.35,0.62417614,78.6681
United States,2011,1.879,50065.97895,5.802637266604637,13.354,0.61317694,78.7023
United States,2012,1.862,51784.41147,5.911494396,13.357999999999999,0.6031683,78.8169
United States,2013,1.84,53409.75078,5.593170709863156,13.362,0.5942838,78.8175
United States,2014,1.848,55304.31553,5.6026020976594575,13.366,0.5862161,78.8785
United States,2015,1.832,57040.20821,6.08728677697832,13.37,0.5787351,78.7219
United States,2016,1.804,58206.61419,6.560947582530548,13.379999999999999,0.57161707,78.686
United States,2017,1.753,60322.26142,6.590088512949612,13.389999999999999,0.5647744,78.6483
United States,2018,1.715,63201.04585,6.319925278337637,13.4,0.5582502,78.7997
United States,2019,1.684,65604.68152,6.2684463176315095,13.41,0.55208313,78.916
United States,2020,1.616,64411.37318,6.1329842615434425,13.42,0.5465108,77.0115
United States,2021,1.634,71318.30736,5.990761157828318,13.42,0.54129946,76.3836
United States,2022,1.665,78035.17536,,13.42,0.5352755,77.9789
United States,2023,1.624,82769.41221,,13.42,,79.3043
Venezuela,1980,4.2,3874.404706,13.108855471231838,5.31,3.550909,68.179
Venezuela,1981,4.104,4228.098815,12.21797462447284,5.3,3.4202938,68.6967
Venezuela,1982,4.014,4201.542835,12.899174019342938,5.29,3.2993178,68.9848
Venezuela,1983,3.933,4078.942331,13.437289793550963,5.279999999999999,3.1867223,69.5413
Venezuela,1984,3.861,3519.801465,11.902207398387088,5.27,3.0843105,69.6721
Venezuela,1985,3.794,3548.704343,11.00018764334074,5.26,2.9851139,69.9611
Venezuela,1986,3.73,3376.349606,10.18905199755804,5.276,2.8861456,70.5285
Venezuela,1987,3.665,2610.988371,10.943192284983576,5.292,2.7816901,70.6727
Venezuela,1988,3.597,3191.476337,11.964812860416744,5.308,2.6742299,70.7619
Venezuela,1989,3.524,2250.084597,14.44650179585738,5.324,2.5682497,70.8051
Venezuela,1990,3.448,2451.552311,15.97401680316262,5.34,2.4723194,70.9641
Venezuela,1991,3.37,2632.539698,17.323214795437146,5.512,2.3932443,71.1719
Venezuela,1992,3.292,2907.303344,19.039243382839324,5.684,2.3326752,71.1766
Venezuela,1993,3.218,2824.691444,20.45463234660854,5.856,2.2885668,71.3849
Venezuela,1994,3.147,2688.983251,21.4539130289528,6.0280000000000005,2.253985,71.2826
Venezuela,1995,3.082,3486.983506,20.75513999592992,6.2,2.213338,71.7138
Venezuela,1996,3.022,3112.825848,20.488267578033167,6.388,2.1517668,71.9196
Venezuela,1997,2.967,3710.826884,19.3006566390628,6.576,2.0721815,72.5598
Venezuela,1998,2.912,3869.982588,21.31538678734745,6.763999999999999,1.9865596,72.446
Venezuela,1999,2.856,4070.906192,25.01374355322192,6.952,1.9053125,72.0883
Venezuela,2000,2.79,4776.281676,31.019994354766872,7.14,1.8336023,72.3876
Venezuela,2001,2.779,4920.393136,34.42171621637734,7.318,1.7792927,71.0189
Venezuela,2002,2.739,3652.098965,37.78868679575979,7.4959999999999996,1.7363278,72.8225
Venezuela,2003,2.703,3229.505571,42.580968286264,7.6739999999999995,1.6916968,72.0556
Venezuela,2004,2.639,4269.089709,40.06169806838472,7.851999999999999,1.639588,72.7523
Venezuela,2005,2.629,5432.485418,40.437504779360445,8.03,1.5863159,73.0752
Venezuela,2006,2.595,6739.380653,43.78831815343422,8.251999999999999,1.5371878,72.9724
Venezuela,2007,2.524,8331.62097,47.88550829039352,8.474,1.4979069,73.3478
Venezuela,2008,2.475,11262.45143,51.63055324740742,8.696,1.4734732,72.5776
Venezuela,2009,2.422,11596.60219,53.44784749966199,8.918000000000001,1.4650028,72.7852
Venezuela,2010,2.396,13646.30466,50.46188740230755,9.14,1.4686793,73.0922
Venezuela,2011,2.398,10843.92297,50.333984131224966,9.182,1.4800848,73.0895
Venezuela,2012,2.379,12901.41716,53.482459356217966,9.224,1.4983548,73.0858
Venezuela,2013,2.334,12403.1467,50.89610925202437,9.266,1.5250342,73.0765
Venezuela,2014,2.296,15943.61272,51.28745272338336,9.308,1.5579184,72.8371
Venezuela,2015,2.253,,52.62826281641469,9.35,1.655604,73.0044
Venezuela,2016,2.217,,60.07381483725999,9.411999999999999,2.11826,72.0019
Venezuela,2017,2.183,,54.95045354570702,9.474,2.1180835,71.9026
Venezuela,2018,2.151,,51.1173230053312,9.536,2.1181026,72.6415
Venezuela,2019,2.131,,48.776822274180006,9.598,2.1181026,72.7664
Venezuela,2020,2.116,,47.259174620311086,9.66,2.1181026,72.3693
Venezuela,2021,2.105,,46.71388894836804,9.66,2.1181026,71.5364
Venezuela,2022,2.088,,,9.66,2.1181026,72.5656
Venezuela,2023,2.079,,,9.66,,72.5142
World,1980,3.744,2580.15366,6.474866129142129,,,60.502
World,1981,3.711,2621.240142,6.437045901143324,,,60.9187
World,1982,3.712,2547.34637,6.313083331580738,,,61.3435
World,1983,3.581,2553.968251,6.261222765393855,,,61.5211
World,1984,3.553,2606.960935,6.264929300348157,,,61.8663
World,1985,3.515,2682.826636,6.278089724318276,,,62.2092
World,1986,3.504,3107.562905,6.266335603242375,,,62.7297
World,1987,3.476,3474.590175,6.272497666902369,,,63.1809
World,1988,3.39,3814.11018,6.430311310280882,,,63.3672
World,1989,3.347,3914.759662,6.697484586389142,,,63.7817
World,1990,3.31,4337.862517,6.856483474594561,,6.3701353,63.955
World,1991,3.131,4437.537092,6.991033713026234,,6.354481,64.0642
World,1992,3.044,4661.973917,7.327901358509445,,6.2823253,64.2879
World,1993,2.98,4664.794146,7.670019153689553,,6.200623,64.4334
World,1994,2.933,4944.722286,7.695635466990307,,6.1271057,64.2995
World,1995,2.889,5430.078974,7.580450860909256,,6.014974,64.8817
World,1996,2.846,5472.953822,7.241942605677676,,5.89688,65.1995
World,1997,2.809,5375.474388,7.083538812132075,,5.769141,65.5406
World,1998,2.776,5289.033108,7.091140988637076,,5.6302176,65.7408
World,1999,2.75,5387.448275,7.161191561865197,,5.483042,66.0412
World,2000,2.754,5494.398872,7.266493655674311,,5.3048453,66.4333
World,2001,2.714,5387.584998,7.245102111370968,,5.1595597,66.7531
World,2002,2.684,5521.932034,7.293515667571673,,4.9948044,67.068
World,2003,2.659,6112.918401,7.012210119498075,,4.814475,67.4015
World,2004,2.647,6800.190299,6.87668813931301,,4.6462812,67.7449
World,2005,2.63,7271.026626,6.709766100425508,,4.4697256,68.1405
World,2006,2.625,7780.409624,6.462809089696063,,4.3012285,68.6137
World,2007,2.623,8657.730378,6.292894533276295,,4.139979,69.0316
World,2008,2.626,9392.542294,6.248432603002919,,3.9916558,69.3017
World,2009,2.621,8793.141157,6.227166040823466,,3.8501678,69.6812
World,2010,2.602,9514.760302,6.104843407814823,,3.7325902,70.089
World,2011,2.588,10454.23787,5.977761909849412,,3.6123974,70.4033
World,2012,2.607,10550.13813,5.921136143161056,,3.4735367,70.824
World,2013,2.572,10718.52308,5.819573121942754,,3.3829803,71.1417
World,2014,2.564,10881.33083,5.735728699001769,,3.2687027,71.4038
World,2015,2.537,10142.14348,5.7149179614154,,3.1970174,71.606
World,2016,2.536,10188.26006,5.726376220462302,,3.1038432,71.8768
World,2017,2.504,10731.65547,5.75052571873336,,3.022492,72.067
World,2018,2.437,11288.88426,5.578800051383201,,2.9967136,72.3885
World,2019,2.397,11334.84309,5.389152200657315,,2.941806,72.6093
World,2020,2.322,10916.68767,5.233731731703323,,2.9111753,71.9166
World,2021,2.291,12352.73608,5.189111743523501,,2.863489,70.865
World,2022,2.265,12737.31503,,,2.7943473,72.6398
World,2023,2.251,13169.59823,,,,73.1694
